effect	bonus_value_id	unit_ability
#effect_bonus_value_unit_ability_junctions_tables;0;db/effect_bonus_value_unit_ability_junctions_tables/atbe		
wh3_dlc24_effect_ability_ability_duration_debuff_spells_hag_witches	active_time_mod	wh_main_spell_vampires_curse_of_years
wh3_main_effect_ability_targeting_range_raise_dead	effect_range_mod	wh_main_spell_vampires_raise_dead_nehekhara
wh3_main_effect_ability_targeting_range_raise_dead	effect_range_mod	wh_main_spell_vampires_raise_dead_nehekhara_upgraded
stephen_effect_ability_number_uses_raise_dead_strigoi	uses_mod	wh_dlc04_spell_vampires_raise_dead_strigoi
stephen_effect_ability_disable_dark_reanimation	disable	stephen_abilities_dark_reanimation
stephen_effect_ability_enable_dark_reanimation	enable	stephen_abilities_dark_reanimation
stephen_effect_ability_enable_dark_reanimation_upgraded	enable	stephen_abilities_dark_reanimation_upgraded
stephen_effect_ability_raise_dead_enable	enable	wh_main_spell_vampires_raise_dead_nehekhara
stephen_ability_cooldown_raise_dead	recharge_mod	wh_main_spell_vampires_raise_dead_nehekhara
stephen_ability_uses_raise_dead	uses_mod	wh_main_spell_vampires_raise_dead_nehekhara
stephen_ability_uses_raise_dead	uses_mod	wh_main_spell_vampires_raise_dead_nehekhara_upgraded
stephen_ability_miscast_raise_dead_upgraded	miscast_percentage_mod	wh_main_spell_vampires_raise_dead_nehekhara_upgraded
stephen_effect_ability_wom_cost_raise_dead	cost_mod	wh_main_spell_vampires_raise_dead_nehekhara
stephen_effect_ability_wom_cost_raise_dead_upgraded	cost_mod	wh_main_spell_vampires_raise_dead_nehekhara_upgraded
stephen_ability_overcast_raise_dead	enable_overchage	wh_main_spell_vampires_raise_dead_nehekhara
stephen_ability_overcast_raise_dead	enable	wh_main_spell_vampires_raise_dead_nehekhara
stephen_effect_ability_curse_of_years_enable	enable	stephen_spell_bound_curse_of_years
