attrition	unit
#campaign_map_attrition_unit_immunities_tables;0;db/campaign_map_attrition_unit_immunities_tables/atbe	
desert	stephen_tmb_cha_strigoi_ghoul_king_1
desert	stephen_tmb_cha_strigoi_ghoul_king_2
desert	stephen_tmb_cha_necrarch_vampire_lord_1
desert	stephen_tmb_cha_necrarch_vampire_lord_2
desert	stephen_tmb_cha_necrarch_vampire_lord_3
desert	stephen_tmb_cha_necrarch_vampire_lord_4
desert	stephen_tmb_cha_tomb_king_1
desert	stephen_tmb_cha_tomb_king_2
desert	stephen_tmb_cha_tomb_king_3
desert	stephen_tmb_cha_tomb_king_4
desert	stephen_tmb_cha_high_liche_priest_death_1
desert	stephen_tmb_cha_high_liche_priest_death_2
desert	stephen_tmb_cha_high_liche_priest_death_3
desert	stephen_tmb_cha_high_liche_priest_undeath_1
desert	stephen_tmb_cha_high_liche_priest_undeath_2
desert	stephen_tmb_cha_high_liche_priest_undeath_3
desert	stephen_tmb_cha_liche_priest_death_1
desert	stephen_tmb_cha_liche_priest_death_2
desert	stephen_tmb_cha_liche_priest_undeath_1
desert	stephen_tmb_cha_liche_priest_undeath_2
desert	xereus_tmb_art_screaming_skull_catapult
desert	xereus_tmb_cav_necropolis_knights_1
desert	xereus_tmb_cav_necropolis_knights_2
desert	xereus_tmb_cav_skeleton_horsemen_0
desert	xereus_tmb_cav_nehekhara_horsemen
desert	xereus_tmb_cav_skeleton_horsemen_archers
desert	xereus_tmb_inf_cairn_wraith
desert	xereus_tmb_inf_nagashizzar_guard
desert	xereus_tmb_inf_nehekhara_warriors
desert	xereus_tmb_inf_skeleton_archers
desert	xereus_tmb_inf_skeleton_spearmen
desert	xereus_tmb_inf_skeleton_warriors
desert	xereus_tmb_inf_stonewrath_guard
desert	xereus_tmb_inf_tomb_guard
desert	xereus_tmb_inf_tomb_guard_halberd
desert	xereus_tmb_inf_zmb_summon
desert	xereus_tmb_inf_zmb_summon_upgraded
desert	xereus_tmb_inf_zombie
desert	xereus_tmb_mon_bone_giant
desert	xereus_tmb_mon_crypt_horror
desert	xereus_tmb_mon_heirotitan
desert	xereus_tmb_mon_khemrian_warsphinx
desert	xereus_tmb_mon_necrosphinx
desert	xereus_tmb_mon_sepulchral_stalkers
desert	xereus_tmb_mon_tomb_scorpion
desert	xereus_tmb_mon_ushabti
desert	xereus_tmb_mon_ushabti_great
desert	xereus_tmb_mon_zombie_dragon
desert	xereus_tmb_veh_mortis_engine
desert	xereus_tmb_veh_skeleton_archer_chariot_0
desert	xereus_tmb_veh_skeleton_chariot_0
desert	xereus_tmb_mon_carrion_0
desert	stephen_tmb_cha_necrotect_1
desert	stephen_tmb_cha_necrotect_2
desert	stephen_tmb_cha_tomb_prince_1
desert	stephen_tmb_cha_tomb_prince_2
desert	stephen_tmb_cha_tomb_prince_3
non_vampire_territory	stephen_tmb_cha_strigoi_ghoul_king_1
non_vampire_territory	stephen_tmb_cha_strigoi_ghoul_king_2
non_vampire_territory	stephen_tmb_cha_necrarch_vampire_lord_1
non_vampire_territory	stephen_tmb_cha_necrarch_vampire_lord_2
non_vampire_territory	stephen_tmb_cha_necrarch_vampire_lord_3
non_vampire_territory	stephen_tmb_cha_necrarch_vampire_lord_4
non_vampire_territory	stephen_tmb_cha_tomb_king_1
non_vampire_territory	stephen_tmb_cha_tomb_king_2
non_vampire_territory	stephen_tmb_cha_tomb_king_3
non_vampire_territory	stephen_tmb_cha_tomb_king_4
non_vampire_territory	stephen_tmb_cha_high_liche_priest_death_1
non_vampire_territory	stephen_tmb_cha_high_liche_priest_death_2
non_vampire_territory	stephen_tmb_cha_high_liche_priest_death_3
non_vampire_territory	stephen_tmb_cha_high_liche_priest_undeath_1
non_vampire_territory	stephen_tmb_cha_high_liche_priest_undeath_2
non_vampire_territory	stephen_tmb_cha_high_liche_priest_undeath_3
non_vampire_territory	stephen_tmb_cha_liche_priest_death_1
non_vampire_territory	stephen_tmb_cha_liche_priest_death_2
non_vampire_territory	stephen_tmb_cha_liche_priest_undeath_1
non_vampire_territory	stephen_tmb_cha_liche_priest_undeath_2
non_vampire_territory	xereus_tmb_art_screaming_skull_catapult
non_vampire_territory	xereus_tmb_cav_necropolis_knights_1
non_vampire_territory	xereus_tmb_cav_necropolis_knights_2
non_vampire_territory	xereus_tmb_cav_skeleton_horsemen_0
non_vampire_territory	xereus_tmb_cav_nehekhara_horsemen
non_vampire_territory	xereus_tmb_cav_skeleton_horsemen_archers
non_vampire_territory	xereus_tmb_inf_cairn_wraith
non_vampire_territory	xereus_tmb_inf_nagashizzar_guard
non_vampire_territory	xereus_tmb_inf_nehekhara_warriors
non_vampire_territory	xereus_tmb_inf_skeleton_archers
non_vampire_territory	xereus_tmb_inf_skeleton_spearmen
non_vampire_territory	xereus_tmb_inf_skeleton_warriors
non_vampire_territory	xereus_tmb_inf_stonewrath_guard
non_vampire_territory	xereus_tmb_inf_tomb_guard
non_vampire_territory	xereus_tmb_inf_tomb_guard_halberd
non_vampire_territory	xereus_tmb_inf_zmb_summon
non_vampire_territory	xereus_tmb_inf_zmb_summon_upgraded
non_vampire_territory	xereus_tmb_inf_zombie
non_vampire_territory	xereus_tmb_mon_bone_giant
non_vampire_territory	xereus_tmb_mon_crypt_horror
non_vampire_territory	xereus_tmb_mon_heirotitan
non_vampire_territory	xereus_tmb_mon_khemrian_warsphinx
non_vampire_territory	xereus_tmb_mon_necrosphinx
non_vampire_territory	xereus_tmb_mon_sepulchral_stalkers
non_vampire_territory	xereus_tmb_mon_tomb_scorpion
non_vampire_territory	xereus_tmb_mon_ushabti
non_vampire_territory	xereus_tmb_mon_ushabti_great
non_vampire_territory	xereus_tmb_mon_zombie_dragon
non_vampire_territory	xereus_tmb_veh_mortis_engine
non_vampire_territory	xereus_tmb_veh_skeleton_archer_chariot_0
non_vampire_territory	xereus_tmb_veh_skeleton_chariot_0
non_vampire_territory	xereus_tmb_mon_carrion_0
non_vampire_territory	stephen_tmb_cha_necrotect_1
non_vampire_territory	stephen_tmb_cha_necrotect_2
non_vampire_territory	stephen_tmb_cha_tomb_prince_1
non_vampire_territory	stephen_tmb_cha_tomb_prince_2
non_vampire_territory	stephen_tmb_cha_tomb_prince_3
vampire_territory	stephen_tmb_cha_strigoi_ghoul_king_1
vampire_territory	stephen_tmb_cha_strigoi_ghoul_king_2
vampire_territory	stephen_tmb_cha_necrarch_vampire_lord_1
vampire_territory	stephen_tmb_cha_necrarch_vampire_lord_2
vampire_territory	stephen_tmb_cha_necrarch_vampire_lord_3
vampire_territory	stephen_tmb_cha_necrarch_vampire_lord_4
vampire_territory	stephen_tmb_cha_tomb_king_1
vampire_territory	stephen_tmb_cha_tomb_king_2
vampire_territory	stephen_tmb_cha_tomb_king_3
vampire_territory	stephen_tmb_cha_tomb_king_4
vampire_territory	stephen_tmb_cha_high_liche_priest_death_1
vampire_territory	stephen_tmb_cha_high_liche_priest_death_2
vampire_territory	stephen_tmb_cha_high_liche_priest_death_3
vampire_territory	stephen_tmb_cha_high_liche_priest_undeath_1
vampire_territory	stephen_tmb_cha_high_liche_priest_undeath_2
vampire_territory	stephen_tmb_cha_high_liche_priest_undeath_3
vampire_territory	stephen_tmb_cha_liche_priest_death_1
vampire_territory	stephen_tmb_cha_liche_priest_death_2
vampire_territory	stephen_tmb_cha_liche_priest_undeath_1
vampire_territory	stephen_tmb_cha_liche_priest_undeath_2
vampire_territory	xereus_tmb_art_screaming_skull_catapult
vampire_territory	xereus_tmb_cav_necropolis_knights_1
vampire_territory	xereus_tmb_cav_necropolis_knights_2
vampire_territory	xereus_tmb_cav_skeleton_horsemen_0
vampire_territory	xereus_tmb_cav_nehekhara_horsemen
vampire_territory	xereus_tmb_cav_skeleton_horsemen_archers
vampire_territory	xereus_tmb_inf_cairn_wraith
vampire_territory	xereus_tmb_inf_nagashizzar_guard
vampire_territory	xereus_tmb_inf_nehekhara_warriors
vampire_territory	xereus_tmb_inf_skeleton_archers
vampire_territory	xereus_tmb_inf_skeleton_spearmen
vampire_territory	xereus_tmb_inf_skeleton_warriors
vampire_territory	xereus_tmb_inf_stonewrath_guard
vampire_territory	xereus_tmb_inf_tomb_guard
vampire_territory	xereus_tmb_inf_tomb_guard_halberd
vampire_territory	xereus_tmb_inf_zmb_summon
vampire_territory	xereus_tmb_inf_zmb_summon_upgraded
vampire_territory	xereus_tmb_inf_zombie
vampire_territory	xereus_tmb_mon_bone_giant
vampire_territory	xereus_tmb_mon_crypt_horror
vampire_territory	xereus_tmb_mon_heirotitan
vampire_territory	xereus_tmb_mon_khemrian_warsphinx
vampire_territory	xereus_tmb_mon_necrosphinx
vampire_territory	xereus_tmb_mon_sepulchral_stalkers
vampire_territory	xereus_tmb_mon_tomb_scorpion
vampire_territory	xereus_tmb_mon_ushabti
vampire_territory	xereus_tmb_mon_ushabti_great
vampire_territory	xereus_tmb_mon_zombie_dragon
vampire_territory	xereus_tmb_veh_mortis_engine
vampire_territory	xereus_tmb_veh_skeleton_archer_chariot_0
vampire_territory	xereus_tmb_veh_skeleton_chariot_0
vampire_territory	xereus_tmb_mon_carrion_0
vampire_territory	stephen_tmb_cha_necrotect_1
vampire_territory	stephen_tmb_cha_necrotect_2
vampire_territory	stephen_tmb_cha_tomb_prince_1
vampire_territory	stephen_tmb_cha_tomb_prince_2
vampire_territory	stephen_tmb_cha_tomb_prince_3
wasteland	stephen_tmb_cha_strigoi_ghoul_king_1
wasteland	stephen_tmb_cha_strigoi_ghoul_king_2
wasteland	stephen_tmb_cha_necrarch_vampire_lord_1
wasteland	stephen_tmb_cha_necrarch_vampire_lord_2
wasteland	stephen_tmb_cha_necrarch_vampire_lord_3
wasteland	stephen_tmb_cha_necrarch_vampire_lord_4
wasteland	stephen_tmb_cha_tomb_king_1
wasteland	stephen_tmb_cha_tomb_king_2
wasteland	stephen_tmb_cha_tomb_king_3
wasteland	stephen_tmb_cha_tomb_king_4
wasteland	stephen_tmb_cha_high_liche_priest_death_1
wasteland	stephen_tmb_cha_high_liche_priest_death_2
wasteland	stephen_tmb_cha_high_liche_priest_death_3
wasteland	stephen_tmb_cha_high_liche_priest_undeath_1
wasteland	stephen_tmb_cha_high_liche_priest_undeath_2
wasteland	stephen_tmb_cha_high_liche_priest_undeath_3
wasteland	stephen_tmb_cha_liche_priest_death_1
wasteland	stephen_tmb_cha_liche_priest_death_2
wasteland	stephen_tmb_cha_liche_priest_undeath_1
wasteland	stephen_tmb_cha_liche_priest_undeath_2
wasteland	xereus_tmb_art_screaming_skull_catapult
wasteland	xereus_tmb_cav_necropolis_knights_1
wasteland	xereus_tmb_cav_necropolis_knights_2
wasteland	xereus_tmb_cav_skeleton_horsemen_0
wasteland	xereus_tmb_cav_nehekhara_horsemen
wasteland	xereus_tmb_cav_skeleton_horsemen_archers
wasteland	xereus_tmb_inf_cairn_wraith
wasteland	xereus_tmb_inf_nagashizzar_guard
wasteland	xereus_tmb_inf_nehekhara_warriors
wasteland	xereus_tmb_inf_skeleton_archers
wasteland	xereus_tmb_inf_skeleton_spearmen
wasteland	xereus_tmb_inf_skeleton_warriors
wasteland	xereus_tmb_inf_stonewrath_guard
wasteland	xereus_tmb_inf_tomb_guard
wasteland	xereus_tmb_inf_tomb_guard_halberd
wasteland	xereus_tmb_inf_zmb_summon
wasteland	xereus_tmb_inf_zmb_summon_upgraded
wasteland	xereus_tmb_inf_zombie
wasteland	xereus_tmb_mon_bone_giant
wasteland	xereus_tmb_mon_crypt_horror
wasteland	xereus_tmb_mon_heirotitan
wasteland	xereus_tmb_mon_khemrian_warsphinx
wasteland	xereus_tmb_mon_necrosphinx
wasteland	xereus_tmb_mon_sepulchral_stalkers
wasteland	xereus_tmb_mon_tomb_scorpion
wasteland	xereus_tmb_mon_ushabti
wasteland	xereus_tmb_mon_ushabti_great
wasteland	xereus_tmb_mon_zombie_dragon
wasteland	xereus_tmb_veh_mortis_engine
wasteland	xereus_tmb_veh_skeleton_archer_chariot_0
wasteland	xereus_tmb_veh_skeleton_chariot_0
wasteland	xereus_tmb_mon_carrion_0
wasteland	stephen_tmb_cha_necrotect_1
wasteland	stephen_tmb_cha_necrotect_2
wasteland	stephen_tmb_cha_tomb_prince_1
wasteland	stephen_tmb_cha_tomb_prince_2
wasteland	stephen_tmb_cha_tomb_prince_3
desert	xereus_tmb_inf_grave_guard
non_vampire_territory	xereus_tmb_inf_grave_guard
vampire_territory	xereus_tmb_inf_grave_guard
wasteland	xereus_tmb_inf_grave_guard
desert	xereus_tmb_inf_grave_guard_great
non_vampire_territory	xereus_tmb_inf_grave_guard_great
vampire_territory	xereus_tmb_inf_grave_guard_great
wasteland	xereus_tmb_inf_grave_guard_great
desert	xereus_tmb_mon_terrorgheist
non_vampire_territory	xereus_tmb_mon_terrorgheist
vampire_territory	xereus_tmb_mon_terrorgheist
wasteland	xereus_tmb_mon_terrorgheist
