key	unit_attribute	unit_set
#unit_set_unit_attribute_junctions_tables;0;db/unit_set_unit_attribute_junctions_tables/atbe		
spell_mastery_ancient_liche_priests	spell_mastery	stephen_liche_priests_all
elemental_winds_necrarch	spell_mastery	necrarch_thutmocris
elemental_winds_arkhan	spell_mastery	arkhan_the_black
charge_defence_zombies	charge_defense_vs_large	xereus_tmb_inf_zombie
stephen_attribute_unyielding_assult	unyielding_assault	xereus_grave_guard
immune_to_flanking_grave_guard	flanking_immune	xereus_grave_guard
devastating_flanker_bats_wolves	devastating_flanker	xereus_bats_wolves
vanguard_deployment_morghasts	guerrilla_deploy	xereus_morghasts
