bonus_value_id	effect	unit_set
#effect_bonus_value_ids_unit_sets_tables;0;db/effect_bonus_value_ids_unit_sets_tables/atbe_caps		
unit_cap	wh2_dlc14_effect_unit_cap_arkhan_vmp_all	xereus_tmb_veh_mortis_engine
unit_cap	wh2_dlc14_effect_unit_cap_arkhan_vmp_all	xereus_tmb_inf_cairn_wraith
unit_cap	wh2_dlc14_effect_unit_cap_arkhan_vmp_all	xereus_tmb_mon_crypt_horror
unit_cap	wh2_dlc14_effect_unit_cap_arkhan_vmp_all	xereus_tmb_inf_grave_guard
unit_cap	wh2_dlc14_effect_unit_cap_arkhan_vmp_all	xereus_tmb_inf_grave_guard_great
unit_cap	stephen_cap_hexwraiths	wh2_dlc09_tmb_cav_hexwraiths
unit_cap	stephen_effect_unit_cap_xereus_tmb_mon_zombie_dragon	xereus_tmb_mon_zombie_dragon
unit_cap	stephen_cap_crypt_horrors	xereus_tmb_mon_crypt_horror
unit_cap	stephen_effect_unit_cap_xereus_tmb_mon_carrion_0	xereus_tmb_mon_carrion_0
unit_cap	stephen_effect_unit_cap_bundle_ghouls_bats_wolves	wh2_dlc09_tmb_inf_crypt_ghouls
unit_cap	stephen_effect_unit_cap_bundle_ghouls_bats_wolves	wh2_dlc09_tmb_mon_dire_wolves
unit_cap	stephen_effect_unit_cap_bundle_ghouls_bats_wolves	wh2_dlc09_tmb_mon_fell_bats
unit_cap	stephen_effect_unit_cap_xereus_tmb_mon_terrorgheist	xereus_tmb_mon_terrorgheist
unit_cap	stephen_cap_grave_guard_both	xereus_tmb_inf_grave_guard
unit_cap	stephen_cap_grave_guard_both	xereus_tmb_inf_grave_guard_great
unit_cap	stephen_cap_cairn_wraiths	xereus_tmb_inf_cairn_wraith
unit_cap	stephen_cap_grave_guard	xereus_tmb_inf_grave_guard
unit_cap	stephen_cap_grave_guard_great	xereus_tmb_inf_grave_guard_great
unit_cap	stephen_cap_grave_guard_combo	xereus_tmb_inf_grave_guard
unit_cap	stephen_cap_grave_guard_combo	xereus_tmb_inf_grave_guard_great
unit_cap	stephen_cap_cairn_crypt_horror_grave_guard_combo	xereus_tmb_inf_grave_guard
unit_cap	stephen_cap_cairn_crypt_horror_grave_guard_combo	xereus_tmb_inf_grave_guard_great
unit_cap	stephen_cap_cairn_crypt_horror_grave_guard_combo	xereus_tmb_mon_crypt_horror
unit_cap	stephen_cap_crypt_horrors_grave_guard_combo	xereus_tmb_inf_grave_guard
unit_cap	stephen_cap_crypt_horrors_grave_guard_combo	xereus_tmb_inf_grave_guard_great
unit_cap	stephen_cap_crypt_horrors_grave_guard_combo	xereus_tmb_mon_crypt_horror
unit_cap	stephen_cap_mortis_engine	xereus_tmb_veh_mortis_engine
