effect_bundle_key	effect_key	effect_scope	value	advancement_stage
#effect_bundles_to_effects_junctions_tables;3;db/effect_bundles_to_effects_junctions_tables/atbe				
wh2_dlc09_lord_trait_tmb_arkhan	stephen_faction_effect_realm_of_souls_t1_arkhan_enable	faction_to_force_own_unseen	1.0	start_turn_completed
wh2_dlc09_lord_trait_tmb_arkhan	stephen_faction_effect_realm_of_souls_t2_arkhan_enable	faction_to_force_own_unseen	1.0	start_turn_completed
wh2_dlc09_lord_trait_tmb_arkhan	stephen_faction_effect_realm_of_souls_t3_arkhan_enable	faction_to_force_own_unseen	1.0	start_turn_completed
wh2_dlc09_lord_trait_tmb_arkhan	stephen_faction_effect_realm_of_souls_t1_arkhan_disable	faction_to_force_own_unseen	1.0	start_turn_completed
wh2_dlc09_lord_trait_tmb_arkhan	stephen_faction_effect_realm_of_souls_t2_arkhan_disable	faction_to_force_own_unseen	1.0	start_turn_completed
wh2_dlc09_lord_trait_tmb_arkhan	stephen_faction_effect_realm_of_souls_t3_arkhan_disable	faction_to_force_own_unseen	1.0	start_turn_completed
wh2_dlc09_lord_trait_tmb_arkhan	stephen_faction_effect_unstable_sand_enable	faction_to_force_own_unseen	1.0	start_turn_completed
wh2_dlc09_lord_trait_tmb_arkhan	stephen_faction_effect_unstable_mark_ii_sand_enable	faction_to_force_own_unseen	1.0	start_turn_completed
wh2_dlc09_lord_trait_tmb_arkhan	stephen_faction_effect_unstable_sand_disable	faction_to_force_own_unseen	1.0	start_turn_completed
wh2_dlc09_lord_trait_tmb_arkhan	stephen_faction_effect_unstable_mark_ii_sand_disable	faction_to_force_own_unseen	1.0	start_turn_completed
wh2_dlc09_lord_trait_tmb_arkhan	stephen_faction_effect_crumbling_disable	faction_to_force_own_unseen	1.0	start_turn_completed
wh2_dlc09_lord_trait_tmb_arkhan	stephen_faction_effect_disintigrating_disable	faction_to_force_own_unseen	1.0	start_turn_completed
wh2_dlc09_bundle_stance_necrarch_teleport	wh3_dlc26_effect_stance_campaign_stance_tunnelling_attack	army_to_army_own_unseen	1.0	start_turn_completed
wh2_dlc09_bundle_stance_necrarch_teleport	wh3_main_effect_force_army_campaign_stance_teleport_movement_dummy	army_to_army_own_unseen	1.0	start_turn_completed
wh2_dlc09_bundle_stance_necrarch_teleport	wh3_main_effect_tunnelling_stance_tzeentch_cost_dummy	army_to_army_own_unseen	40.0	start_turn_completed
wh2_dlc09_bundle_stance_necrarch_teleport	wh_main_effect_force_all_campaign_stance_ap_cost_dummy	army_to_army_own_unseen	100.0	start_turn_completed
wh2_dlc09_bundle_stance_necrarch_teleport	wh3_main_effect_force_army_campaign_attrition_all_immunity_camp_stance	army_to_army_own_unseen	1.0	start_turn_completed
