key	man_animations_table	variant	battle_entity	battle_entity_stats	autonomous_rider_hero	autonomous_rider_can_shoot_in_melee	can_only_be_used_by_draught
#battle_personalities_tables;12;db/battle_personalities_tables/atbe							
wh_dlc04_vmp_mortis_engine_rider1_steve	hu1_liche_priest_staff_and_sword	wh2_dlc09_tmb_liche_priest	wh_main_infantry_rider		false	true	true
wh_dlc04_vmp_mortis_engine_banshee1_arkhan	gh1_banshee_mortisengine	wh_vmp_ghost_cairnwraith_nagash	wh_main_infantry_rider		false	true	false
wh_dlc04_vmp_mortis_engine_banshee2_arkhan	gh1_banshee_mortisengine	wh_vmp_ghost_cairnwraith_nagash	wh_main_infantry_rider		false	true	false
wh_dlc04_vmp_mortis_engine_banshee3_arkhan	gh1_banshee_mortisengine	wh_vmp_ghost_cairnwraith_nagash	wh_main_infantry_rider		false	true	false
wh_dlc04_vmp_mortis_engine_cairn_wraith1_arkhan	gh1_cairn_wraith_nagash	wh_vmp_ghost_cairnwraith_nagash	wh_main_infantry_rider		false	true	false
wh_dlc04_vmp_mortis_engine_cairn_wraith2_arkhan	gh1_cairn_wraith_nagash	wh_vmp_ghost_cairnwraith_nagash	wh_main_infantry_rider		false	true	false
wh_dlc04_vmp_mortis_engine_horse1_arkhan	hr1_vmp_skeletal_steed_mortisengine	xereus_tmb_veh_mortis_engine	wh_main_infantry_rider		false	true	false
wh_dlc04_vmp_mortis_engine_horse2_arkhan	hr1_vmp_skeletal_steed_mortisengine	xereus_tmb_veh_mortis_engine	wh_main_infantry_rider		false	true	false
wh_dlc04_vmp_mortis_engine_horse3_arkhan	hr1_vmp_skeletal_steed_mortisengine	xereus_tmb_veh_mortis_engine	wh_main_infantry_rider		false	true	false
wh_dlc04_vmp_mortis_engine_knight01_arkhan	hu1_skeleton_hr1_skeletal_steed_mortis_engine	wh2_dlc09_tmb_tomb_guard_halberd_shield	wh_main_infantry_rider		false	true	false
wh_dlc04_vmp_mortis_engine_knight02_arkhan	hu1_skeleton_hr1_skeletal_steed_mortis_engine	wh2_dlc09_tmb_tomb_guard_halberd_shield	wh_main_infantry_rider		false	true	false
wh_dlc04_vmp_mortis_engine_knight03_arkhan	hu1_skeleton_hr1_skeletal_steed_mortis_engine	wh2_dlc09_tmb_tomb_guard_halberd_shield	wh_main_infantry_rider		false	true	false
wh_dlc04_vmp_mortis_engine_skeleton1_arkhan	hu1_sk_mortisengine_left_00	wh2_dlc09_tmb_skeleton_spear_shield	wh_main_infantry_rider		false	true	false
wh_dlc04_vmp_mortis_engine_skeleton2_arkhan	hu1_sk_mortisengine_left_01	wh2_dlc09_tmb_skeleton_armoured_sword_shield	wh_main_infantry_rider		false	true	false
wh_dlc04_vmp_mortis_engine_skeleton3_arkhan	hu1_sk_mortisengine_left_02	wh2_dlc09_tmb_skeleton_sword	wh_main_infantry_rider		false	true	false
wh_dlc04_vmp_mortis_engine_skeleton4_arkhan	hu1_sk_mortisengine_right_00	wh2_dlc09_tmb_skeleton_spear_shield	wh_main_infantry_rider		false	true	false
wh_dlc04_vmp_mortis_engine_skeleton5_arkhan	hu1_sk_mortisengine_right_01	wh2_dlc09_tmb_skeleton_armoured_sword_shield	wh_main_infantry_rider		false	true	false
wh_dlc04_vmp_mortis_engine_skeleton6_arkhan	hu1_sk_mortisengine_right_02	wh2_dlc09_tmb_skeleton_sword	wh_main_infantry_rider		false	true	false
xereus_tmb_strigoi_ghoul_king_rider	hu8_strigoi_bi2_terrorgheist_wb	stephen_tmb_cha_strigoi_ghoul_king_1	wh_main_infantry_standard		true	true	false
xereus_tmb_chariot_rider_1_king	hu1_tomb_wm_tomb_chariot01_modified	wh2_dlc09_tmb_ch_tomb_king	xereus_tmb_cha_tomb_king_hero_lord		true	true	false
xereus_tmb_warsphinx_rider_0	hu1_tomb_wb_bigcat01_bow	wh2_dlc09_tmb_tomb_guard_bow	wh2_dlc09_tmb_warsphinx_rider_360	xereus_skeleton_bow	false	true	false
xereus_tmb_warsphinx_rider_1	hu1_tomb_wb_bigcat01_bow	wh2_dlc09_tmb_tomb_guard_bow	wh2_dlc09_tmb_warsphinx_rider_360	xereus_skeleton_bow	false	true	false
xereus_tmb_warsphinx_rider_2	hu1_tomb_wb_bigcat01_bow	wh2_dlc09_tmb_tomb_guard_bow	wh2_dlc09_tmb_warsphinx_rider_360	xereus_skeleton_bow	false	true	false
xereus_tmb_warsphinx_rider_3	hu1_tomb_wb_bigcat01_bow	wh2_dlc09_tmb_tomb_guard_bow	wh2_dlc09_tmb_warsphinx_rider_360	xereus_skeleton_bow	false	true	false
xereus_tmb_warsphinx_rider_tomb_king	hu1_tomb_king_modified	wh2_dlc09_tmb_ch_tomb_king	xereus_tmb_cha_tomb_king_hero_lord		true	true	false
xereus_tmb_chariot_rider_1	hu1_tomb_wm_tomb_chariot01_2handed_halberd	wh2_dlc09_tmb_tomb_guard_halberd	wh2_dlc09_tmb_skeleton		false	true	false
xereus_tmb_chariot_rider_1_necrotect	hu1_tomb_sword_and_whip	wh2_dlc09_tmb_necrotect	wh2_dlc09_tmb_skeleton_infantry_hero		true	true	false
xereus_tmb_chariot_rider_1_prince	hu1_tomb_wm_tomb_chariot01_2handed_halberd	wh2_dlc09_tmb_ch_tomb_prince	wh2_dlc09_tmb_skeleton_infantry_hero		true	true	false
xereus_tmb_corpse_cart_rider1	hu1_vampire_wm_corpse_cart_whip	wh2_dlc09_tmb_liche_priest	wh_main_infantry_rider_blood		false	true	false
xereus_tmb_chariot_rider_1_herald	hu1s_dlc29_tomb_herald	wh3_dlc29_tmb_cha_tomb_herald	wh2_dlc09_tmb_skeleton_infantry_hero		true	true	false
xereius_cha_necrarch_lord	hu1k_dlc29_vmp_dr1_zombie_dragon_necrarch_vampire_sword_and_skull	wh3_dlc29_vmp_bloodline_necrarch_lord_campaign_01	wh_main_infantry_standard_blood_dismembers		true	true	false
