attribute	attribute_group
#unit_attributes_to_groups_junctions_tables;2;db/unit_attributes_to_groups_junctions_tables/atbe	
strider	wh2_dlc09_tmb_inf_crypt_ghouls
causes_fear	xereus_tmb_inf_nagashizzar_guard
hide_forest	xereus_tmb_inf_nagashizzar_guard
undead	xereus_tmb_inf_nagashizzar_guard
encourages	xereus_tmb_inf_nagashizzar_guard
can_block_missiles_360	xereus_tmb_inf_nagashizzar_guard
strider	xereus_tmb_inf_nagashizzar_guard
causes_fear	xereus_tmb_inf_stonewrath_guard
hide_forest	xereus_tmb_inf_stonewrath_guard
undead	xereus_tmb_inf_stonewrath_guard
encourages	xereus_tmb_inf_stonewrath_guard
strider	xereus_tmb_inf_stonewrath_guard
wallbreaker	wh2_dlc09_tmb_mon_heirotitan_0
wallbreaker	wh2_dlc09_tmb_mon_necrosphinx_0
wallbreaker	wh2_dlc09_tmb_mon_necrosphinx_ror
wallbreaker	wh2_dlc09_tmb_mon_khemrian_warsphinx_0
causes_fear	xereus_tmb_inf_zombie
hide_forest	xereus_tmb_inf_zombie
undead	xereus_tmb_inf_zombie
expendable	xereus_tmb_inf_zombie
strider	xereus_tmb_inf_zombie
causes_terror	xereus_tmb_veh_mortis_engine
strider	xereus_tmb_veh_mortis_engine
undead	xereus_tmb_veh_mortis_engine
causes_fear	xereus_tmb_veh_mortis_engine
guerrilla_deploy	xereus_tmb_veh_mortis_engine
causes_fear	xereus_tmb_inf_grave_guard
hide_forest	xereus_tmb_inf_grave_guard
undead	xereus_tmb_inf_grave_guard
strider	xereus_tmb_inf_grave_guard
causes_fear	xereus_tmb_inf_grave_guard_great
hide_forest	xereus_tmb_inf_grave_guard_great
undead	xereus_tmb_inf_grave_guard_great
strider	xereus_tmb_inf_grave_guard_great
