faction	resource_cost_per_turn	scope
#building_instant_constructions_tables;0;db/building_instant_constructions_tables/atbe		
wh2_dlc09_tmb_followers_of_nagash	wh3_main_tmb_rush_construction_canopic_jar_cost	FACTION
wh2_dlc09_tmb_khemri	wh3_main_tmb_rush_construction_canopic_jar_cost	FACTION
wh2_dlc09_tmb_exiles_of_nehek	wh3_main_tmb_rush_construction_canopic_jar_cost	FACTION
wh2_dlc09_tmb_lybaras	wh3_main_tmb_rush_construction_canopic_jar_cost	FACTION
wh2_dlc09_tmb_the_sentinels	wh3_main_tmb_rush_construction_canopic_jar_cost	FACTION
wh2_dlc09_tmb_dune_kingdoms	wh3_main_tmb_rush_construction_canopic_jar_cost	FACTION
wh2_dlc09_tmb_numas	wh3_main_tmb_rush_construction_canopic_jar_cost	FACTION
wh2_dlc09_tmb_rakaph_dynasty	wh3_main_tmb_rush_construction_canopic_jar_cost	FACTION
wh2_dlc09_tmb_tomb_kings	wh3_main_tmb_rush_construction_canopic_jar_cost	FACTION
