hint	key
#character_skill_utilization_hints_junctions_tables;0;db/character_skill_utilization_hints_junctions_tables/atbe	
USEFUL_ALWAYS	stephen_skill_eternal_veil
USEFUL_ALWAYS	stephen_skill_liche_priest_unique_1
USEFUL_ALWAYS	stephen_skill_tmb_nagash_blessing_0_arkhan
USEFUL_ALWAYS	stephen_skill_tmb_lord_reanimation
USEFUL_ALWAYS	stephen_skill_tmb_lord_reanimation_upgraded
USEFUL_ALWAYS	stephen_skill_bloodline_necrarch_unique_1
USEFUL_ALWAYS	stephen_skill_bloodline_necrarch_unique_2
USEFUL_ALWAYS	stephen_skill_bloodline_necrarch_unique_3
USEFUL_ALWAYS	stephen_skill_bloodline_necrarch_unique_4
USEFUL_ALWAYS	stephen_skill_bloodline_necrarch_unique_5
USEFUL_ALWAYS	stephen_skill_bloodline_necrarch_unique_6
USEFUL_ALWAYS	stephen_skill_bloodline_necrarch_unique_7
USEFUL_ALWAYS	stephen_skill_bloodline_necrarch_unique_8
USEFUL_ALWAYS	stephen_skill_bloodline_necrarch_unique_9
USEFUL_ALWAYS	stephen_skill_bloodline_necrarch_unique_10
USEFUL_ALWAYS	stephen_skill_bloodline_necrarch_unique_11
USEFUL_ALWAYS	wh2_dlc09_skill_tmb_arkhan_unique_0_new
USEFUL_ALWAYS	wh2_dlc09_skill_tmb_arkhan_unique_1_new
USEFUL_ALWAYS	wh2_dlc09_skill_tmb_arkhan_unique_2_new
USEFUL_ALWAYS	wh2_dlc09_skill_tmb_arkhan_unique_3_new
USEFUL_ALWAYS	wh2_dlc09_skill_tmb_arkhan_unique_4_new
USEFUL_ALWAYS	wh2_dlc09_skill_tmb_arkhan_unique_5_new
USEFUL_ALWAYS	stephen_bloodline_strigoi_unique_ghoul_king_of_ushoran
USEFUL_ALWAYS	stephen_bloodline_strigoi_unique_bestial_monstrosity
USEFUL_ALWAYS	stephen_bloodline_strigoi_unique_grave_eaters
USEFUL_ALWAYS	stephen_bloodline_strigoi_unique_claws_of_mourkain
USEFUL_ALWAYS	stephen_bloodline_strigoi_unique_curse_of_vorag
USEFUL_ALWAYS	stephen_bloodline_strigoi_unique_infinite_hatred
USEFUL_ALWAYS	stephen_necrarch_lord_special_arcane_leech
USEFUL_ALWAYS	stephen_necrarch_lord_special_dark_protection
USEFUL_ALWAYS	stephen_necrarch_lord_special_the_awakening
USEFUL_ALWAYS	stephen_necrarch_lord_special_hellish_vigour
USEFUL_ALWAYS	stephen_bloodline_necrarch_unique_grave_sentinels
USEFUL_ALWAYS	stephen_bloodline_necrarch_unique_nehekharas_noble_blood
USEFUL_ALWAYS	stephen_skill_lahmian_unique_queen_bee
USEFUL_ALWAYS	stephen_skill_lahmian_vampire_first_to_the_kill
USEFUL_ALWAYS	stephen_skill_bloodline_bewilderment
USEFUL_ALWAYS	stephen_skill_lahmian_unique_innocence_lost
USEFUL_ALWAYS	stephen_skill_lahmian_vampire_bound_servitude
USEFUL_ALWAYS	stephen_skill_lahmian_vampire_mist_form
