key	requires_effect_enabling	icon_name	overpower_option	type	video	uniqueness	is_unit_upgrade	is_hidden_in_ui	source_type	superseded_abilities_set	is_hidden_in_ui_for_enemy
#unit_abilities_tables;17;db/unit_abilities_tables/atbe											
stephen_passive_unstable_ii	false	wh_main_unit_passive_unstable_mark_ii		wh_type_direct_damage		wh_main_anc_group_common	false	false	passive	stephen_crumbling_replacer	false
stephen_passive_unstable_i	false	wh_main_unit_passive_unstable		wh_type_direct_damage		wh_main_anc_group_common	false	false	passive	stephen_crumbling_replacer	false
stephen_passive_construct_instability	false	wh_main_unit_passive_unstable		wh_type_direct_damage		wh_main_anc_group_common	false	false	passive		false
stephen_passive_construct_instability_ii	false	wh_main_unit_passive_unstable_mark_ii		wh_type_direct_damage		wh_main_anc_group_common	false	false	passive		false
stephen_abilities_dark_reanimation	true	wh2_dlc09_character_abilities_tomb_king_rally		wh_type_area_of_augments		wh_main_anc_group_common	true	false	active		false
stephen_abilities_dark_reanimation_upgraded	true	wh2_dlc09_character_abilities_tomb_king_rally_upgraded		wh_type_area_of_augments		wh_main_anc_group_uncommon	true	false	active		false
stephen_passive_realm_of_souls_tier_1	false	stephen_passive_realm_of_souls_tier_1		wh_type_regeneration		wh_main_anc_group_common	true	false	passive		false
stephen_passive_realm_of_souls_tier_2	false	stephen_passive_realm_of_souls_tier_2		wh_type_regeneration		wh_main_anc_group_uncommon	true	false	passive		false
stephen_passive_realm_of_souls_tier_3	false	stephen_passive_realm_of_souls_tier_3		wh_type_regeneration		wh_main_anc_group_rare	true	false	passive		false
stephen_ability_eldritch_blast	false	wh2_dlc14_lord_abilities_bloodstorm		wh_type_explosion		wh_main_anc_group_uncommon	true	false	active		false
wh_main_spell_vampires_raise_dead_nehekhara	true	wh_main_spell_vampires_raise_dead	wh_main_spell_vampires_raise_dead_nehekhara_upgraded	wh_type_summon_unit	spell_previews/vampire/wh3_dlc29_spell_vampires_raise_dead	wh_main_anc_group_uncommon	true	false	spell		false
wh_main_spell_vampires_raise_dead_nehekhara_upgraded	true	wh_main_spell_vampires_raise_dead		wh_type_summon_unit	spell_previews/vampire/wh3_dlc29_spell_vampires_raise_dead	wh_main_anc_group_uncommon	true	false	spell		false
stephen_passive_phase_shift	false	wh3_twa10_unit_passive_barrier_boost		wh_type_augment		wh_main_anc_group_rare	false	false	passive		false
stephen_passive_echoes_of_nagash	false	wh2_dlc09_unit_passive_spirit_conduit		wh_type_augment_of_the_winds		wh_main_anc_group_common	false	false	passive		false
stephen_passive_haunting_gallop	false	wh3_dlc25_weapon_passive_the_pale_scythe		wh_type_augment		wh_main_anc_group_common	false	false	passive		false
stephen_passive_mortarch	false	wh3_dlc26_unit_passive_fury_of_the_skullthrone		wh_type_regeneration		wh_main_anc_group_rare	false	false	passive		false
stephen_spell_bound_curse_of_years	false	wh_main_spell_vampires_curse_of_years		wh_type_area_of_hexes	spell_previews/vampire/wh3_dlc29_spell_vampires_curse_of_years	wh_main_anc_group_rare	true	false	bound		false
stephen_spell_bound_lesser_raise_dead	true	wh_main_spell_vampires_raise_dead		wh_type_augment		wh_main_anc_group_common	true	false	bound		false
stephen_passive_the_ravenous_dead	false	wh_main_lord_passive_the_hunger		wh_type_regeneration		wh_main_anc_group_rare	true	false	passive		false
stephen_passive_attuned_to_magic	false	wh3_dlc24_recipe_spectres_miasma		wh_type_augment		wh_main_anc_group_common	false	false	passive		false
stephen_passive_spirit_conduit	false	wh3_main_unit_passive_arcane_mirth		wh_type_augment_of_the_winds		wh_main_anc_group_common	false	false	passive		false
stephen_passive_ancient_desecrator	false	wh3_main_unit_passive_skullfeast		wh_type_area_of_hexes		wh_main_anc_group_common	false	false	passive		false
stephen_army_ability_razkhar_the_abyssal_swarm	true	wh3_dlc29_spell_undeath_razkhar_the_abyssal_swarm		wh_type_vortex	spell_previews/undeath/wh3_dlc29_spell_undeath_razkhar_the_abyssal_swarm	wh_main_anc_group_uncommon	true	false	army		false
