faction	general_unit	unit	siege_unit_attacker	siege_unit_defender	general_portrait	general_uniform	set_piece_character	campaign_exclusive	armory_item_set	supports_upgrades
#units_custom_battle_permissions_tables;11;db/units_custom_battle_permissions_tables/atbe										
wh2_dlc09_tmb_tomb_kings	false	xereus_tmb_cav_nehekhara_horsemen	true	true				true		false
wh2_dlc09_tmb_tomb_kings	false	xereus_tmb_inf_skeleton_archers	true	true				true		false
wh2_dlc09_tmb_tomb_kings	false	xereus_tmb_inf_stonewrath_guard	true	true				true		false
wh2_dlc09_tmb_tomb_kings	false	xereus_tmb_veh_mortis_engine	true	true				true		false
wh2_dlc09_tmb_tomb_kings	false	xereus_tmb_inf_nagashizzar_guard	true	true				true		false
wh2_dlc09_tmb_tomb_kings	false	stephen_tmb_cha_liche_priest_death_1	true	true	ui/portraits/portholes/no_culture/tmb_cha_liche_priest_vampire_2.png	stephen_uniform_tmb_liche_priest_death_2	wh2_dlc09_tmb_cha_liche_priest_0	true		false
wh2_dlc09_tmb_tomb_kings	false	stephen_tmb_cha_liche_priest_death_2	true	true	ui/portraits/portholes/no_culture/tmb_cha_liche_priest_vampire_2.png	stephen_uniform_tmb_liche_priest_death_2	wh2_dlc09_tmb_cha_liche_priest_0	true		false
wh2_dlc09_tmb_tomb_kings	false	stephen_tmb_cha_liche_priest_undeath_1	true	true	ui/portraits/portholes/no_culture/tmb_cha_liche_priest_vampire_3.png	stephen_uniform_tmb_liche_priest_undeath_3	wh2_dlc09_tmb_cha_liche_priest_0	true		false
wh2_dlc09_tmb_tomb_kings	false	stephen_tmb_cha_liche_priest_undeath_2	true	true	ui/portraits/portholes/no_culture/tmb_cha_liche_priest_vampire_3.png	stephen_uniform_tmb_liche_priest_undeath_3	wh2_dlc09_tmb_cha_liche_priest_0	true		false
wh2_dlc09_tmb_tomb_kings	true	stephen_tmb_cha_lahmian_vampire_lord_1	true	true	UI/Portraits/portholes/no_culture/vmp_lahmian_vampire_lord_0.png	stephen_uniform_tmb_lahmian	wh2_dlc11_vmp_cha_bloodline_lahmian_lord_0	true		false
wh2_dlc09_tmb_tomb_kings	true	stephen_tmb_cha_lahmian_vampire_lord_2	true	true	UI/Portraits/portholes/no_culture/vmp_lahmian_vampire_lord_0.png	stephen_uniform_tmb_lahmian	wh2_dlc11_vmp_cha_bloodline_lahmian_lord_0	true		false
wh2_dlc09_tmb_tomb_kings	true	stephen_tmb_cha_lahmian_vampire_lord_3	true	true	UI/Portraits/portholes/no_culture/vmp_lahmian_vampire_lord_0.png	stephen_uniform_tmb_lahmian	wh2_dlc11_vmp_cha_bloodline_lahmian_lord_0	true		false
wh2_dlc09_tmb_tomb_kings	true	stephen_tmb_cha_lahmian_vampire_lord_4	true	true	UI/Portraits/portholes/no_culture/vmp_lahmian_vampire_lord_0.png	stephen_uniform_tmb_lahmian	wh2_dlc11_vmp_cha_bloodline_lahmian_lord_0	true		false
wh2_dlc09_tmb_tomb_kings	true	stephen_tmb_cha_lahmian_vampire_lord_coven_throne	true	true	UI/Portraits/portholes/no_culture/vmp_lahmian_vampire_lord_0.png	stephen_uniform_tmb_lahmian	wh2_dlc11_vmp_cha_bloodline_lahmian_lord_0	true		false
wh2_dlc09_tmb_tomb_kings	true	stephen_tmb_cha_tomb_king_1	true	true	ui/portraits/portholes/no_culture/stephen_ch_tomb_king_campaign_01_0.png	stephen_uniform_tmb_tomb_king_1	wh2_dlc09_tmb_cha_tomb_king_0	true		false
wh2_dlc09_tmb_tomb_kings	true	stephen_tmb_cha_tomb_king_2	true	true	ui/portraits/portholes/no_culture/stephen_ch_tomb_king_campaign_01_0.png	stephen_uniform_tmb_tomb_king_1	wh2_dlc09_tmb_cha_tomb_king_0	true		false
wh2_dlc09_tmb_tomb_kings	true	stephen_tmb_cha_tomb_king_3	true	true	ui/portraits/portholes/no_culture/stephen_ch_tomb_king_campaign_01_0.png	stephen_uniform_tmb_tomb_king_1	wh2_dlc09_tmb_cha_tomb_king_0	true		false
wh2_dlc09_tmb_tomb_kings	true	stephen_tmb_cha_tomb_king_4	true	true	ui/portraits/portholes/no_culture/stephen_ch_tomb_king_campaign_01_0.png	stephen_uniform_tmb_tomb_king_1	wh2_dlc09_tmb_cha_tomb_king_0	true		false
wh2_dlc09_tmb_tomb_kings	true	stephen_tmb_cha_high_liche_priest_death_1	true	true	ui/portraits/portholes/no_culture/stephen_ch_tomb_king_campaign_02_0.png	stephen_uniform_tmb_master_liche_death_1	wh2_dlc09_tmb_cha_liche_priest_0	true		false
wh2_dlc09_tmb_tomb_kings	true	stephen_tmb_cha_high_liche_priest_death_2	true	true	ui/portraits/portholes/no_culture/stephen_ch_tomb_king_campaign_02_0.png	stephen_uniform_tmb_master_liche_death_1	wh2_dlc09_tmb_cha_liche_priest_0	true		false
wh2_dlc09_tmb_tomb_kings	true	stephen_tmb_cha_high_liche_priest_undeath_1	true	true	ui/portraits/portholes/no_culture/stephen_ch_tomb_king_campaign_03_0.png	stephen_uniform_tmb_master_liche_undeath_2	wh2_dlc09_tmb_cha_liche_priest_0	true		false
wh2_dlc09_tmb_tomb_kings	true	stephen_tmb_cha_high_liche_priest_undeath_2	true	true	ui/portraits/portholes/no_culture/stephen_ch_tomb_king_campaign_03_0.png	stephen_uniform_tmb_master_liche_undeath_2	wh2_dlc09_tmb_cha_liche_priest_0	true		false
wh2_dlc09_tmb_tomb_kings	true	stephen_tmb_cha_high_liche_priest_nehekhara_1	true	true	ui/portraits/portholes/no_culture/stephen_ch_tomb_king_campaign_04_0.png	stephen_uniform_tmb_master_liche_nehekhara_3	wh2_dlc09_tmb_cha_liche_priest_0	true		false
wh2_dlc09_tmb_tomb_kings	true	stephen_tmb_cha_high_liche_priest_nehekhara_2	true	true	ui/portraits/portholes/no_culture/stephen_ch_tomb_king_campaign_04_0.png	stephen_uniform_tmb_master_liche_nehekhara_3	wh2_dlc09_tmb_cha_liche_priest_0	true		false
wh2_dlc09_tmb_tomb_kings	true	stephen_tmb_cha_high_liche_priest_light_1	true	true	ui/portraits/portholes/no_culture/stephen_ch_tomb_king_campaign_05_0.png	stephen_uniform_tmb_master_liche_light_4	wh2_dlc09_tmb_cha_liche_priest_0	true		false
wh2_dlc09_tmb_tomb_kings	true	stephen_tmb_cha_high_liche_priest_light_2	true	true	ui/portraits/portholes/no_culture/stephen_ch_tomb_king_campaign_05_0.png	stephen_uniform_tmb_master_liche_light_4	wh2_dlc09_tmb_cha_liche_priest_0	true		false
wh2_dlc09_tmb_tomb_kings	false	stephen_tmb_cha_liche_priest_light_1	true	true	ui/portraits/portholes/no_culture/tmb_cha_liche_priest_vampire_4.png	stephen_uniform_tmb_liche_priest_light_4	wh2_dlc09_tmb_cha_liche_priest_0	true		false
wh2_dlc09_tmb_tomb_kings	false	stephen_tmb_cha_liche_priest_light_2	true	true	ui/portraits/portholes/no_culture/tmb_cha_liche_priest_vampire_4.png	stephen_uniform_tmb_liche_priest_light_4	wh2_dlc09_tmb_cha_liche_priest_0	true		false
wh2_dlc09_tmb_tomb_kings	false	stephen_tmb_cha_liche_priest_shadow_1	true	true	ui/portraits/portholes/no_culture/tmb_cha_liche_priest_vampire_1.png	stephen_uniform_tmb_liche_priest_shadow_1	wh2_dlc09_tmb_cha_liche_priest_0	true		false
wh2_dlc09_tmb_tomb_kings	false	stephen_tmb_cha_liche_priest_shadow_2	true	true	ui/portraits/portholes/no_culture/tmb_cha_liche_priest_vampire_1.png	stephen_uniform_tmb_liche_priest_shadow_1	wh2_dlc09_tmb_cha_liche_priest_0	true		false
wh2_dlc09_tmb_tomb_kings	false	stephen_tmb_cha_liche_priest_nehekhara_1	true	true	ui/portraits/portholes/no_culture/tmb_cha_liche_priest_vampire_5.png	stephen_uniform_tmb_liche_priest_nehekhara_5	wh2_dlc09_tmb_cha_liche_priest_0	true		false
wh2_dlc09_tmb_tomb_kings	false	stephen_tmb_cha_liche_priest_nehekhara_2	true	true	ui/portraits/portholes/no_culture/tmb_cha_liche_priest_vampire_5.png	stephen_uniform_tmb_liche_priest_nehekhara_5	wh2_dlc09_tmb_cha_liche_priest_0	true		false
wh2_dlc09_tmb_tomb_kings	true	stephen_tmb_cha_necrarch_vampire_lord_1	true	true	ui/portraits/portholes/no_culture/vmp_necrarch_vampire_lord_0.png	stephen_uniform_tmb_necrarch	wh2_dlc11_vmp_cha_bloodline_necrarch_lord_0	true		false
wh2_dlc09_tmb_tomb_kings	true	stephen_tmb_cha_strigoi_ghoul_king_1	true	true	ui/portraits/portholes/no_culture/stephen_ch_ghoul_king_campaign_01.png	stephen_uniform_tmb_strigoi_ghoul_king	wh_dlc04_vmp_cha_strigoi_ghoul_king_0	true		false
wh2_dlc09_tmb_tomb_kings	true	stephen_tmb_cha_strigoi_ghoul_king_2	true	true	ui/portraits/portholes/no_culture/stephen_ch_ghoul_king_campaign_01.png	stephen_uniform_tmb_strigoi_ghoul_king	wh_dlc04_vmp_cha_strigoi_ghoul_king_1	true		false
wh2_dlc09_tmb_tomb_kings	false	xereus_tmb_mon_zombie_dragon	true	true				true		false
wh2_dlc09_tmb_tomb_kings	false	stephen_tmb_cha_necrotect_1	true	true	ui/portraits/portholes/no_culture/tmb_cha_necrotect_4.png	stephen_uniform_tmb_necrotect_1	wh2_dlc09_tmb_cha_necrotect_0	true		false
wh2_dlc09_tmb_tomb_kings	false	stephen_tmb_cha_necrotect_2	true	true	ui/portraits/portholes/no_culture/tmb_cha_necrotect_4.png	stephen_uniform_tmb_necrotect_1	wh2_dlc09_tmb_cha_necrotect_0	true		false
wh2_dlc09_tmb_tomb_kings	false	stephen_tmb_cha_tomb_prince_1	true	true	ui/portraits/portholes/no_culture/tmb_cha_tomb_prince_3.png	stephen_uniform_tmb_tomb_prince_1	wh2_dlc09_tmb_cha_tomb_prince_0	true		false
wh2_dlc09_tmb_tomb_kings	false	stephen_tmb_cha_tomb_prince_2	true	true	ui/portraits/portholes/no_culture/tmb_cha_tomb_prince_3.png	stephen_uniform_tmb_tomb_prince_1	wh2_dlc09_tmb_cha_tomb_prince_0	true		false
wh2_dlc09_tmb_tomb_kings	false	stephen_tmb_cha_tomb_prince_3	true	true	ui/portraits/portholes/no_culture/tmb_cha_tomb_prince_3.png	stephen_uniform_tmb_tomb_prince_1	wh2_dlc09_tmb_cha_tomb_prince_0	true		false
wh2_dlc09_tmb_tomb_kings	false	xereus_tmb_mon_heirotitan	true	true				true		false
wh2_dlc09_tmb_tomb_kings	false	xereus_tmb_art_screaming_skull_catapult	true	true				true		false
wh2_dlc09_tmb_tomb_kings	false	xereus_tmb_mon_ushabti	true	true				true		false
wh2_dlc09_tmb_tomb_kings	false	xereus_tmb_mon_ushabti_great	true	true				true		false
wh2_dlc09_tmb_tomb_kings	false	xereus_tmb_veh_skeleton_archer_chariot_0	true	true				true		false
wh2_dlc09_tmb_tomb_kings	false	xereus_tmb_veh_skeleton_chariot_0	true	true				true		false
wh2_dlc09_tmb_tomb_kings	false	xereus_tmb_inf_grave_guard	true	true				true		false
wh2_dlc09_tmb_tomb_kings	false	xereus_tmb_inf_grave_guard_great	true	true				true		false
wh2_dlc09_tmb_tomb_kings	false	xereus_tmb_mon_terrorgheist	true	true				true		false
wh2_dlc09_tmb_tomb_kings	false	xereus_tmb_mon_khemric_titan	true	true				true		false
wh2_dlc09_tmb_tomb_kings	false	stephen_tmb_cha_tomb_herald_skeletal_steed	true	true	ui/portraits/portholes/no_culture/stephen_tmb_cha_tomb_herald_1.png	stephen_uniform_tmb_tomb_herald_1	wh3_dlc29_tmb_cha_tomb_herald	true		false
wh2_dlc09_tmb_tomb_kings	false	stephen_tmb_cha_tomb_herald_skeleton_chariot	true	true	ui/portraits/portholes/no_culture/stephen_tmb_cha_tomb_herald_1.png	stephen_uniform_tmb_tomb_herald_1	wh3_dlc29_tmb_cha_tomb_herald	true		false
wh2_dlc09_tmb_tomb_kings	false	stephen_tmb_cha_tomb_herald	true	true	ui/portraits/portholes/no_culture/stephen_tmb_cha_tomb_herald_1.png	stephen_uniform_tmb_tomb_herald_1	wh3_dlc29_tmb_cha_tomb_herald	true		false
