key	building_level	position_index	icon_name	mp_available_early	mp_available_late	info_pic	unique_index	is_civil	is_engineering	is_military	is_hidden
#technologies_tables;7;db/technologies_tables/atbe											
stephen_tech_arkhan_0	wh_main_chs_port_ruin	1	wh3_main_tech_vmp_necromancers_0	false	false		33557929	false	false	true	false
stephen_tech_arkhan_1	wh_main_chs_port_ruin	1	wh3_main_tech_vmp_necromancers_misc_11	false	false		33557930	false	false	true	false
stephen_tech_arkhan_2	wh_main_chs_port_ruin	1	wh3_main_tech_vmp_necromancers_final_3	false	false		33557931	false	false	true	false
stephen_tech_arkhan_3	wh_main_chs_port_ruin	1	wh3_main_tech_vmp_vampires_magic_4	false	false		33557932	false	false	true	false
stephen_tech_arkhan_4	wh_main_chs_port_ruin	1	wh3_main_tech_vmp_vampires_magic_3	false	false		33557933	false	false	true	false
stephen_tech_arkhan_raise_dead_1	wh_main_chs_port_ruin	1	wh3_main_tech_vmp_necromancers_deadrise_1a	false	false		33557934	false	false	true	false
stephen_tech_arkhan_raise_dead_2	wh_main_chs_port_ruin	1	wh3_main_tech_vmp_necromancers_deadrise_2a	false	false		33557935	false	false	true	false
stephen_tech_arkhan_raise_dead_3	wh_main_chs_port_ruin	1	wh3_main_tech_vmp_necromancers_deadrise_3a	false	false		33557936	false	false	true	false
stephen_tech_arkhan_ghouls_1	wh_main_chs_port_ruin	1	wh3_main_tech_vmp_units_crypt_ghouls_3	false	false		33557937	false	false	true	false
stephen_tech_arkhan_ghouls_2	wh_main_chs_port_ruin	1	wh3_main_tech_vmp_units_crypt_ghouls_2	false	false		33557938	false	false	true	false
stephen_tech_arkhan_bats_wolves_1	wh_main_chs_port_ruin	1	wh3_main_tech_vmp_units_dogs_bats_2	false	false		33557939	false	false	true	false
stephen_tech_arkhan_bats_wolves_2	wh_main_chs_port_ruin	1	wh_main_vmp_master_of_the_swarm	false	false		33557940	false	false	true	false
stephen_tech_arkhan_ethereal_1	wh_main_chs_port_ruin	1	wh3_main_tech_vmp_units_ghosts_3	false	false		33557941	false	false	true	false
stephen_tech_arkhan_ethereal_2	wh_main_chs_port_ruin	1	wh3_main_tech_vmp_units_ghosts_2	false	false		33557942	false	false	true	false
stephen_tech_arkhan_grave_guard_1	wh_main_chs_port_ruin	1	wh_main_vmp_defiler_of_the_ancient_barrows	false	false		33557943	false	false	true	false
stephen_tech_arkhan_grave_guard_2	wh_main_chs_port_ruin	1	wh3_main_tech_vmp_units_grave_guard_3	false	false		33557944	false	false	true	false
stephen_tech_arkhan_terrors_1	wh_main_chs_port_ruin	1	wh3_main_tech_vmp_units_terrorgheist_1	false	false		33557943	false	false	true	false
stephen_tech_arkhan_terrors_2	wh_main_chs_port_ruin	1	wh3_main_tech_vmp_units_terrorgheist_3	false	false		33557944	false	false	true	false
stephen_tech_arkhan_morghasts_1	wh_main_chs_port_ruin	1	wh3_main_tech_vmp_vampires_main_4	false	false		33557943	false	false	true	false
stephen_tech_arkhan_morghasts_2	wh_main_chs_port_ruin	1	wh3_main_tech_vmp_vampires_main_4_b	false	false		33557944	false	false	true	false
stephen_tech_arkhan_unlock_1	wh_main_chs_port_ruin	1	wh3_main_tech_vmp_necromancers_final_4	false	false		33557945	false	false	true	false
stephen_tech_arkhan_unlock_2	wh_main_chs_port_ruin	1	wh_main_vmp_strigoi_legacy	false	false		33557946	false	false	true	false
stephen_tech_arkhan_unlock_3	wh_main_chs_port_ruin	1	wh3_dlc29_tech_nef_imentet_2	false	false		33557947	false	false	true	false
