campaign_key	character_skill_key	faction_key	indent	key	tier	subculture	points_on_creation	required_num_parents	visible_in_ui
#character_skill_nodes_tables;6;db/character_skill_nodes_tables/atbe_lords									
	stephen_skill_eternal_veil	wh2_dlc09_tmb_followers_of_nagash	2	stephen_skill_node_eternal_veil	25		0	0	true
	stephen_skill_dynasty_innate_trait_1		6	stephen_skill_dynasty_innate_trait_1	0		0	0	false
	stephen_skill_dynasty_innate_trait_2		6	stephen_skill_dynasty_innate_trait_2	0		0	0	false
	stephen_skill_dynasty_innate_trait_3		6	stephen_skill_dynasty_innate_trait_3	0		0	0	false
	stephen_skill_dynasty_innate_trait_4		6	stephen_skill_dynasty_innate_trait_4	0		0	0	false
	stephen_skill_tmb_nagash_blessing_0_arkhan	wh2_dlc09_tmb_followers_of_nagash	1	wh2_dlc09_skill_tmb_arkhan_god_blessing_2	0		0	0	true
	wh2_dlc09_skill_tmb_arkhan_unique_0_new	wh2_dlc09_tmb_followers_of_nagash	1	wh2_dlc09_skill_tmb_arkhan_unique_0	1		0	0	true
	wh2_dlc09_skill_tmb_arkhan_unique_1_new	wh2_dlc09_tmb_followers_of_nagash	1	wh2_dlc09_skill_tmb_arkhan_unique_1	2		0	0	true
	wh2_dlc09_skill_tmb_arkhan_unique_2_new	wh2_dlc09_tmb_followers_of_nagash	1	wh2_dlc09_skill_tmb_arkhan_unique_2	3		0	0	true
	wh2_dlc09_skill_tmb_arkhan_unique_3_new	wh2_dlc09_tmb_followers_of_nagash	1	wh2_dlc09_skill_tmb_arkhan_unique_3	4		0	0	true
	wh2_dlc09_skill_tmb_arkhan_unique_4_new	wh2_dlc09_tmb_followers_of_nagash	1	wh2_dlc09_skill_tmb_arkhan_unique_4	5		0	0	true
	wh2_dlc09_skill_tmb_arkhan_unique_5_new	wh2_dlc09_tmb_followers_of_nagash	1	wh2_dlc09_skill_tmb_arkhan_unique_5	6		0	2	true
	stephen_skill_arkhan_mount_dread_abyssal	wh2_dlc09_tmb_followers_of_nagash	0	wh3_main_arkhan_the_black_0	4		0	0	true
	wh2_dlc09_skill_tmb_tomb_king_returned_in_madness		0	wh2_dlc09_skill_tmb_arkhan_misc_0	6		0	0	true
	wh2_dlc09_skill_tmb_tomb_king_ancient_tyrant		0	wh2_dlc09_skill_tmb_arkhan_misc_1	7		0	0	true
	wh2_dlc09_skill_tmb_tomb_king_embalmed_in_elixir		0	wh2_dlc09_skill_tmb_arkhan_misc_2	8		0	0	true
	wh2_dlc09_skill_tmb_tomb_king_ceremonial_bandages		0	wh2_dlc09_skill_tmb_arkhan_misc_3	9		0	0	true
	wh3_main_skill_tmb_never_say_die		0	wh3_main_skill_node_tmb_dynasty_restless_arkhan	10		0	0	true
	wh2_dlc09_skill_tmb_tomb_king_returned_in_madness		0	wh2_dlc09_skill_tmb_tomb_king_misc_0	6		0	0	true
	wh2_dlc09_skill_tmb_tomb_king_ancient_tyrant		0	wh2_dlc09_skill_tmb_tomb_king_misc_1	7		0	0	true
	wh2_dlc09_skill_tmb_tomb_king_embalmed_in_elixir		0	wh2_dlc09_skill_tmb_tomb_king_misc_2	8		0	0	true
	wh2_dlc09_skill_tmb_tomb_king_ceremonial_bandages		0	wh2_dlc09_skill_tmb_tomb_king_misc_3	9		0	0	true
	wh2_dlc09_skill_tmb_tomb_king_returned_in_madness		0	stephen_skill_ghoul_king_misc_0	6		0	0	true
	wh2_dlc09_skill_tmb_tomb_king_ancient_tyrant		0	stephen_skill_ghoul_king_misc_1	7		0	0	true
	wh2_dlc09_skill_tmb_tomb_king_embalmed_in_elixir		0	stephen_skill_ghoul_king_misc_2	8		0	0	true
	wh2_dlc09_skill_tmb_tomb_king_ceremonial_bandages		0	stephen_skill_ghoul_king_misc_3	8		0	0	true
	wh2_dlc09_skill_tmb_tomb_king_returned_in_madness		0	stephen_skill_vampire_lord_misc_0	6		0	0	true
	wh2_dlc09_skill_tmb_tomb_king_ancient_tyrant		0	stephen_skill_vampire_lord_misc_1	7		0	0	true
	wh2_dlc09_skill_tmb_tomb_king_embalmed_in_elixir		0	stephen_skill_vampire_lord_misc_2	8		0	0	true
	wh2_dlc09_skill_tmb_tomb_king_ceremonial_bandages		0	stephen_skill_vampire_lord_misc_3	8		0	0	true
	stephen_skill_tomb_king_mount_steed		0	stephen_tomb_king_mount_skeletal_steed	0		0	0	true
	stephen_skill_tomb_king_mount_chariot		0	stephen_skill_tomb_king_mount_chariot	1		0	0	true
	stephen_skill_tomb_king_mount_warsphinx		0	stephen_skill_tomb_king_mount_warsphinx	2		0	0	true
	wh2_dlc09_skill_tmb_dummy_immortality		8	stephen_tomb_king_immortality	0		1	0	false
	stephen_skill_tmb_traitor_king_title		8	stephen_tomb_king_hidden_title	1		1	0	false
	stephen_skill_tmb_master_liche_title		8	stephen_master_liche_title	1		1	0	false
	stephen_skill_master_liche_death_mount_steed		0	stephen_skill_node_master_liche_death_mount_steed	0		0	0	true
	stephen_skill_master_liche_death_mount_chariot		0	stephen_skill_node_master_liche_death_mount_chariot	1		0	0	true
	stephen_skill_master_liche_death_mount_casket		0	stephen_skill_node_master_liche_death_mount_casket	2		0	0	true
	stephen_skill_master_liche_shadow_mount_steed		0	stephen_skill_node_master_liche_undeath_mount_steed	0		0	0	true
	stephen_skill_master_liche_shadow_mount_chariot		0	stephen_skill_node_master_liche_undeath_mount_chariot	1		0	0	true
	stephen_skill_master_liche_shadow_mount_casket		0	stephen_skill_node_master_liche_undeath_mount_casket	2		0	0	true
	wh3_dlc29_skill_nag_magic_undeath_01_morkharn_breath_of_darkness		3	stephen_skill_node_master_liche_undeath_magic_01	0		0	0	true
	wh3_dlc29_skill_nag_magic_undeath_02_raise_the_dead		3	stephen_skill_node_master_liche_undeath_magic_02	1		0	0	true
	wh3_dlc29_skill_nag_magic_undeath_03_sulekhim_the_hand_of_dust		3	stephen_skill_node_master_liche_undeath_magic_03	2		0	0	true
	wh3_dlc29_skill_nag_magic_undeath_04_khizaar_the_soulstealer		3	stephen_skill_node_master_liche_undeath_magic_04	3		0	0	true
	wh3_dlc29_skill_nag_magic_undeath_05_Razkhar_the_abyssal_swarm		3	stephen_skill_node_master_liche_undeath_magic_05	4		0	0	true
	wh_main_skill_all_magic_all_06_evasion		3	stephen_skill_node_master_liche_undeath_magic_06	5		0	4	true
	wh_main_skill_all_magic_all_07_earthing		3	stephen_skill_node_master_liche_undeath_magic_07	8		0	0	true
	wh_main_skill_all_magic_all_08_power_drain		3	stephen_skill_node_master_liche_undeath_magic_08	9		0	0	true
	wh3_dlc29_skill_nag_magic_undeath_06_kandorak_the_harbinger		3	stephen_skill_node_master_liche_undeath_magic_09	6		0	0	true
	wh3_dlc29_skill_nag_magic_undeath_07_akararan_the_dark_riders		3	stephen_skill_node_master_liche_undeath_magic_10	7		0	0	true
	wh_main_skill_all_magic_all_11_arcane_conduit		3	stephen_skill_node_master_liche_undeath_magic_11	10		0	4	true
	wh3_dlc29_skill_undeath_magic_lord_dummy		8	stephen_skill_node_master_liche_undeath_magic_dummy	11		1	0	false
	wh_main_skill_all_magic_death_01_spirit_leech		3	stephen_skill_node_master_liche_death_magic_01	0		0	0	true
	wh_main_skill_all_magic_death_03_life_leeching		3	stephen_skill_node_master_liche_death_magic_02	1		0	0	true
	wh2_main_skill_all_magic_death_02_aspect_of_the_dreadknight_lord		3	stephen_skill_node_master_liche_death_magic_03	2		0	0	true
	wh2_main_skill_all_magic_death_04_soulblight_lord		3	stephen_skill_node_master_liche_death_magic_04	3		0	0	true
	wh2_main_skill_all_magic_death_05_doom_and_darkness_lord		3	stephen_skill_node_master_liche_death_magic_05	4		0	0	true
	wh_main_skill_all_magic_all_06_evasion		3	stephen_skill_node_master_liche_death_magic_06	5		0	4	true
	wh2_main_skill_all_magic_death_09_the_fate_of_bjuna_lord		3	stephen_skill_node_master_liche_death_magic_07	8		0	0	true
	wh2_main_skill_all_magic_death_10_the_purple_sun_of_xereus_lord		3	stephen_skill_node_master_liche_death_magic_08	9		0	0	true
	wh_main_skill_all_magic_all_07_earthing		3	stephen_skill_node_master_liche_death_magic_09	6		0	0	true
	wh_main_skill_all_magic_all_08_power_drain		3	stephen_skill_node_master_liche_death_magic_10	7		0	0	true
	wh_main_skill_all_magic_all_11_arcane_conduit		3	stephen_skill_node_master_liche_death_magic_11	10		0	4	true
	stephen_skill_master_liche_nehekhara_mount_steed		0	stephen_skill_node_master_liche_nehekhara_mount_steed	0		0	0	true
	stephen_skill_master_liche_nehekhara_mount_chariot		0	stephen_skill_node_master_liche_nehekhara_mount_chariot	1		0	0	true
	stephen_skill_master_liche_nehekhara_mount_casket		0	stephen_skill_node_master_liche_nehekhara_mount_casket	2		0	0	true
	wh2_dlc09_skill_tmb_nehekhara_lore_0_djafs_incantation_of_cursed_blades_lord		3	stephen_skill_node_master_liche_nehekhara_magic_01	0		0	0	true
	wh2_dlc09_skill_tmb_nehekhara_lore_1_passive		3	stephen_skill_node_master_liche_nehekhara_magic_02	1		0	0	true
	wh2_dlc09_skill_tmb_nehekhara_lore_2_nerus_incantation_of_protection_lord		3	stephen_skill_node_master_liche_nehekhara_magic_03	2		0	0	true
	wh2_dlc09_skill_tmb_nehekhara_lore_3_ptras_incantation_of_righteous_smiting_lord		3	stephen_skill_node_master_liche_nehekhara_magic_04	3		0	0	true
	wh2_dlc09_skill_tmb_nehekhara_lore_4_usirians_incantation_of_vengeance_lord		3	stephen_skill_node_master_liche_nehekhara_magic_05	4		0	0	true
	wh_main_skill_all_magic_all_06_evasion		3	stephen_skill_node_master_liche_nehekhara_magic_06	5		0	4	true
	wh2_dlc09_skill_tmb_nehekhara_lore_6_usekhps_incantation_of_desiccation_lord		3	stephen_skill_node_master_liche_nehekhara_magic_07	8		0	0	true
	wh2_dlc09_skill_tmb_nehekhara_lore_7_sakhmets_incantation_of_the_skullstorm_lord		3	stephen_skill_node_master_liche_nehekhara_magic_08	9		0	0	true
	wh_main_skill_all_magic_all_07_earthing		3	stephen_skill_node_master_liche_nehekhara_magic_09	6		0	0	true
	wh_main_skill_all_magic_all_08_power_drain		3	stephen_skill_node_master_liche_nehekhara_magic_10	7		0	0	true
	wh_main_skill_all_magic_all_11_arcane_conduit		3	stephen_skill_node_master_liche_nehekhara_magic_11	10		0	4	true
	wh2_dlc09_skill_tmb_nehekhara_lore_dummy_0_djafs_incantation_of_cursed_blades		8	stephen_skill_node_master_liche_nehekhara_magic_dummy	11		1	0	false
	stephen_skill_master_liche_light_mount_steed		0	stephen_skill_node_master_liche_light_mount_steed	0		0	0	true
	stephen_skill_master_liche_light_mount_chariot		0	stephen_skill_node_master_liche_light_mount_chariot	1		0	0	true
	stephen_skill_master_liche_light_mount_casket		0	stephen_skill_node_master_liche_light_mount_casket	2		0	0	true
	wh_main_skill_all_magic_light_01_shems_burning_gaze		3	stephen_skill_node_master_liche_light_magic_01	0		0	0	true
	wh2_main_skill_all_magic_light_02_phas_protection_lord		3	stephen_skill_node_master_liche_light_magic_02	1		0	0	true
	wh_main_skill_all_magic_light_03_exorcism		3	stephen_skill_node_master_liche_light_magic_03	2		0	0	true
	wh_main_skill_all_magic_light_04_light_of_battle_lord		3	stephen_skill_node_master_liche_light_magic_04	3		0	0	true
	wh2_main_skill_all_magic_light_05_net_of_amyntok_lord		3	stephen_skill_node_master_liche_light_magic_05	4		0	0	true
	wh_main_skill_all_magic_all_06_evasion		3	stephen_skill_node_master_liche_light_magic_06	5		0	4	true
	wh_main_skill_all_magic_all_07_earthing		3	stephen_skill_node_master_liche_light_magic_07	8		0	0	true
	wh_main_skill_all_magic_all_08_power_drain		3	stephen_skill_node_master_liche_light_magic_08	9		0	0	true
	wh2_dlc10_skill_hef_magic_alarielle_banishment		3	stephen_skill_node_master_liche_light_magic_09	6		0	0	true
	wh2_main_skill_all_magic_light_10_bironas_timewarp_lord		3	stephen_skill_node_master_liche_light_magic_10	7		0	0	true
	wh_main_skill_all_magic_all_11_arcane_conduit		3	stephen_skill_node_master_liche_light_magic_11	10		0	4	true
	wh_main_skill_all_magic_light_dummy_shems_burning_gaze_phas_protection		8	stephen_skill_node_master_liche_light_magic_dummy	11		1	0	false
	wh2_dlc09_skill_tmb_personal_base		3	stephen_skill_node_tomb_king_personal_0	0		0	0	true
	wh2_dlc09_skill_tmb_personal_conqueror		3	stephen_skill_node_tomb_king_personal_1	1		0	0	true
	wh2_dlc11_skill_all_lord_self_blade_master		3	stephen_skill_node_tomb_king_personal_2	2		0	0	true
	wh2_dlc11_skill_all_lord_self_hard_to_hit		3	stephen_skill_node_tomb_king_personal_3	3		0	0	true
	wh2_dlc11_skill_all_lord_self_self_indomitable		3	stephen_skill_node_tomb_king_personal_4	4		0	0	true
	wh2_dlc09_skill_tmb_personal_5		3	stephen_skill_node_tomb_king_personal_5	5		0	4	true
	wh2_dlc11_skill_all_lord_self_wound-maker		3	stephen_skill_node_tomb_king_personal_6	6		0	0	true
	wh2_dlc11_skill_all_lord_self_full_plate_armour		3	stephen_skill_node_tomb_king_personal_7	7		0	0	true
	wh2_dlc11_skill_all_lord_self_devastating_charge		3	stephen_skill_node_tomb_king_personal_8	8		0	0	true
	wh2_dlc09_skill_tmb_personal_9		3	stephen_skill_node_tomb_king_personal_9	9		0	0	true
	wh2_dlc09_skill_tmb_personal_10		3	stephen_skill_node_tomb_king_personal_10	10		0	4	true
