accuracy	armour	campaign_action_points	category	charge_bonus	class	historical_description_text	key	man_animation	man_entity	melee_attack	melee_defence	morale	bonus_hit_points	mount	num_mounts	primary_melee_weapon	primary_missile_weapon	rank_depth	shield	short_description_text	spacing	training_level	articulated_record	engine	is_male	visibility_spotting_range_min	visibility_spotting_range_max	attribute_group	spot_dist_tree	spot_dist_scrub	reload	selection_vo	selected_vo_secondary	selected_vo_tertiary	hiding_scalar	ground_stat_effect_group	secondary_ammo	primary_ammo	damage_mod_flame	damage_mod_magic	num_engines	damage_mod_physical	damage_mod_missile	damage_mod_all	ai_usage_group	can_skirmish	can_brace	mounted_draughts	sync_locomotion	capture_tier	key_building_capture_tier	score_capture_tier	harmony_amplification_type	first_person	ar_unit_category	healing_power	spell_mastery	infinite_secondary_ammo	default_guard_mode
#land_units_tables;54;db/land_units_tables/atbe																																																											
10	wh2_main_leather_15	2100	inf_melee	35	com	wh_dlc04_unit_long_text_vmp_strigoi_ghoul_king	stephen_tmb_cha_strigoi_ghoul_king_1	hu8_strigoi	wh_dlc04_vmp_strigoi_blood	75	50	70	5768		0	wh_dlc04_vmp_strigoi		1	none	wh_dlc04_unit_short_text_vmp_strigoi_ghoul_king	wh_main_infantry_rabble	trained			true	40.0	1500.0	wh2_dlc11_vmp_cha_bloodline_strigoi_lord_0	60	80	0	vo_sel_default	vo_sel_generic	vo_sel_default	1.0	small	0	0	0	0	0	0	15	0	melee_highvalue	false	true	false	false	high	high	domination_characters			skirmish	1.0	1.0	false	false
10	wh2_main_bone_80	2100	war_beast	45	com	wh_dlc04_unit_long_text_vmp_strigoi_ghoul_king	stephen_tmb_cha_strigoi_ghoul_king_2	hu8_strigoi_bi2_terrorgheist_wb	wh_dlc04_vmp_strigoi_blood	52	47	70	8281	wh_dlc04_vmp_mnt_terrorgheist	1	wh_dlc04_vmp_strigoi_terrorgheist		1	none	wh_dlc04_unit_short_text_vmp_strigoi_ghoul_king	wh_main_monster	trained			true	40.0	1500.0	wh2_dlc11_vmp_cha_bloodline_strigoi_lord_1	60	80	0	vo_sel_default	vo_sel_generic	vo_sel_default	1.0	large	0	0	0	0	0	0	15	0	flying_melee_highvalue	false	false	false	false	cant_capture	cant_capture	cant_capture			skirmish	1.0	1.0	false	false
10	wh2_main_bone_55	2100	inf_melee	20	com	wh2_dlc09_tmb_cha_necrotect	stephen_tmb_cha_necrotect_1	hu1_tomb_sword_and_whip	wh2_dlc09_tmb_skeleton_infantry_hero	45	30	65	3780		0	wh2_dlc09_tmb_sword_hero		1	none	wh2_dlc09_tmb_cha_necrotect	wh_main_infantry	trained			true	40.0	1500.0	wh2_dlc09_tmb_cha_necrotect_0	60	80	0	vo_sel_default	vo_sel_generic	vo_sel_generic	1.0	small	0	0	-15	0	0	0	15	0	melee_highvalue	false	true	false	false	high	high	domination_characters			melee	1.0	1.0	false	false
10	wh2_main_bone_80	2100	war_machine	75	com	wh2_dlc09_tmb_cha_necrotect	stephen_tmb_cha_necrotect_2	hu1_tomb_sword_and_whip	wh2_dlc09_tmb_skeleton_infantry_hero	28	24	65	4800	wh2_dlc09_tmb_mnt_tomb_steed_chariot_arkhan	2	wh2_dlc09_tmb_chariot_lord		1	none	wh2_dlc09_tmb_cha_necrotect	wh_main_chariot	trained	wh2_dlc09_tmb_chariot	wh2_dlc09_tmb_chariot	true	40.0	1500.0	wh2_dlc09_tmb_cha_necrotect_1	60	80	0	vo_sel_default	vo_sel_generic	vo_sel_generic	1.0	large	0	0	-15	0	1	0	15	0	melee_flanker_shock_highvalue	false	false	false	false	high	high	domination_characters			melee	1.0	1.0	false	false
10	wh2_main_chainmail_70	2100	inf_melee	15	com	wh2_dlc09_tmb_cha_tomb_prince	stephen_tmb_cha_tomb_prince_1	hu1_tomb_halberd_and_shield	wh2_dlc09_tmb_skeleton_infantry_hero	38	48	70	4260		0	wh2_dlc09_tmb_halberd_prince		1	wh_missile_block_55_wood	wh2_dlc09_tmb_cha_tomb_prince	wh_main_infantry	trained			true	40.0	1500.0	wh2_dlc09_tmb_cha_tomb_prince_0	60	80	0	vo_sel_default	vo_sel_generic	vo_sel_generic	1.0	small	0	0	-15	0	0	0	15	0	melee_highvalue	false	true	false	false	high	high	domination_characters			melee	1.0	1.0	false	false
10	wh2_main_chainmail_70	2100	cavalry	35	com	wh2_dlc09_tmb_cha_tomb_prince	stephen_tmb_cha_tomb_prince_2	hu1_tomb_hr1_tomb_steed_sword_and_shield	wh2_dlc09_tmb_skeleton_infantry_hero	38	48	70	4660	wh2_dlc09_tmb_mnt_tomb_steed_hero_arkhan	1	wh2_dlc09_tmb_halberd_prince		1	wh_missile_block_35_wood	wh2_dlc09_tmb_cha_tomb_prince	wh_main_monstrous_cavalry	trained			true	40.0	1500.0	wh2_dlc09_tmb_cha_tomb_prince_1	60	80	0	vo_sel_default	vo_sel_generic	vo_sel_generic	1.0	large	0	0	-15	0	0	0	15	0	melee_flanker_shock_highvalue	false	false	false	false	high	high	domination_characters			melee	1.0	1.0	false	false
10	wh2_main_bone_80	2100	war_machine	80	com	wh2_dlc09_tmb_cha_tomb_prince	stephen_tmb_cha_tomb_prince_3	hu1_tomb_wm_tomb_chariot01_2handed_halberd	wh2_dlc09_tmb_skeleton_infantry_hero	30	24	70	5200	wh2_dlc09_tmb_mnt_tomb_steed_chariot_arkhan	2	wh2_dlc09_tmb_chariot_lord		1	none	wh2_dlc09_tmb_cha_tomb_prince	wh_main_chariot	trained	wh2_dlc09_tmb_chariot	wh2_dlc09_tmb_chariot_general	true	40.0	1500.0	wh2_dlc09_tmb_cha_tomb_prince_2	60	80	0	vo_sel_default	vo_sel_generic	vo_sel_generic	1.0	large	0	0	-15	0	1	0	15	0	melee_flanker_shock_highvalue	false	false	false	false	high	high	domination_characters			melee	1.0	1.0	false	false
10	wh2_main_bone_20	2100	inf_ranged	3	inf_mis	wh2_dlc09_tmb_inf_skeleton_archers	xereus_tmb_inf_skeleton_archers	hu1_skeleton_archers	wh2_dlc09_tmb_skeleton_missile	10	14	35	49		0	wh2_dlc09_tmb_sword_short	wh2_dlc09_tmb_bow_skeleton	4	none	wh2_dlc09_tmb_inf_skeleton_archers	wh_main_infantry_ranged	trained			true	40.0	1500.0	wh2_dlc09_tmb_inf_skeleton_archers_0	60	80	0	vo_sel_bretonnian_peasant_bowmen	vo_sel_missile	vo_sel_culture	1.0	small	0	22	0	0	0	0	0	0	ranged	true	true	false	false	medium	medium	domination_infantry			archer	1.0	1.0	false	false
10	wh2_main_bone_20	2100	artillery	5	art_fld	wh2_dlc09_tmb_art_screaming_skull_catapult	xereus_tmb_art_screaming_skull_catapult	hu1_tomb_skeleton_sword	wh2_dlc16_tmb_skeleton_crew	10	6	40	48		0	wh2_dlc09_tmb_sword_short		5	none	wh2_dlc09_tmb_art_screaming_skull_catapult	wh_main_artillery	trained		im_mortal__tmb_art_screaming_skull_catapult	true	40.0	1500.0	wh2_dlc09_tmb_art_screaming_skull_catapult_0	60	80	0	vo_sel_bretonnian_field_trebuchet	vo_sel_artillery	vo_sel_culture	1.0	small	0	22	0	0	4	0	0	0	ranged_indirect_arty	false	false	false	false	medium	medium	domination_artillery		dwf_grudge_thrower	artillery	1.0	1.0	false	false
10	wh2_main_bone_110	2100	cavalry	52	cav_shk	wh2_dlc09_tmb_cav_necropolis_knights	xereus_tmb_cav_necropolis_knights_1	hu1_tomb_sn1_serpent_spear_and_shield	wh2_dlc09_tmb_skeleton	40	43	60	295	wh2_dlc09_tmb_mnt_necroserpent	24	wh2_dlc09_tmb_necropolis_knights_lance		2	wh_missile_block_30_wood	wh2_dlc09_tmb_cav_necropolis_knights	wh2_dlc09_necroserpents	trained			true	40.0	1500.0	wh2_dlc09_tmb_cav_necropolis_knights_0	60	80	0	vo_sel_demigryph_knights	vo_sel_cavalry	vo_sel_culture	1.0	large	0	0	0	0	0	0	0	0	melee_flanker_shock	false	false	false	false	low	low	domination_cav			melee	1.0	1.0	false	false
10	wh2_main_bone_110	2100	cavalry	40	cav_shk	wh2_dlc09_tmb_cav_necropolis_knights	xereus_tmb_cav_necropolis_knights_2	hu1_tomb_sn1_serpent_spear	wh2_dlc09_tmb_skeleton	32	37	60	295	wh2_dlc09_tmb_mnt_necroserpent	24	wh2_dlc09_tmb_necropolis_knights_halberd		2	none	wh2_dlc09_tmb_cav_necropolis_knights_halberd	wh2_dlc09_necroserpents	trained			true	40.0	1500.0	wh2_dlc09_tmb_cav_necropolis_knights_1	60	80	0	vo_sel_demigryph_knights	vo_sel_cavalry	vo_sel_culture	1.0	large	0	0	0	0	0	0	0	0	melee_flanker_shock	false	false	false	false	low	low	domination_cav			melee	1.0	1.0	false	false
10	wh2_main_bone_50	2100	cavalry	26	cav_mel	wh2_dlc09_tmb_cav_nehekhara_horsemen	xereus_tmb_cav_nehekhara_horsemen	hu1_tomb_hr1_tomb_steed_sword_and_shield	wh2_dlc09_tmb_skeleton	28	34	50	98	wh2_dlc09_tmb_mnt_tomb_steed_nehekhara_horsemen_arkhan	60	wh2_dlc09_tmb_sword_nehekhara_horsemen		4	wh_missile_block_30_wood	wh2_dlc09_tmb_cav_nehekhara_horsemen	wh_main_cavalry_chaotic	trained			true	40.0	1500.0	wh2_dlc09_tmb_cav_nehekhara_horsemen_0	60	80	0	vo_sel_default	vo_sel_cavalry	vo_sel_culture	1.0	large	0	0	0	0	0	0	0	0	melee_flanker	false	false	false	false	medium	medium	domination_cav			melee	1.0	1.0	false	false
10	wh2_main_bone_30	2100	cavalry	34	cav_mel	wh2_dlc09_tmb_cav_skeleton_horsemen	xereus_tmb_cav_skeleton_horsemen_0	hu1_tomb_hr1_tomb_steed_spear_and_shield	wh2_dlc09_tmb_skeleton	24	26	45	73	wh2_dlc09_tmb_mnt_tomb_steed_arkhan	60	wh2_dlc09_tmb_cavalry_spear		4	wh_missile_block_30_wood	wh2_dlc09_tmb_cav_skeleton_horsemen	wh_main_cavalry_chaotic	trained			true	40.0	1500.0	wh2_dlc09_tmb_cav_skeleton_horsemen_0	60	80	0	vo_sel_default	vo_sel_cavalry	vo_sel_culture	1.0	large	0	0	0	0	0	0	0	0	melee_flanker	false	false	false	false	medium	medium	domination_cav			melee	1.0	1.0	false	false
10	wh2_main_bone_30	2100	cavalry	25	cav_mis	wh2_dlc09_tmb_cav_skeleton_horsemen_archers	xereus_tmb_cav_skeleton_horsemen_archers	hu1_tomb_hr1_tomb_steed_sword_and_bow	wh2_dlc09_tmb_skeleton_missile_mounted	20	22	45	70	wh2_dlc09_tmb_mnt_tomb_steed_arkhan	60	wh2_dlc09_tmb_sword_short	wh2_dlc09_tmb_bow_horse	4	none	wh2_dlc09_tmb_cav_skeleton_horsemen_archers	wh_main_cavalry_chaotic	trained			true	40.0	1500.0	wh2_dlc09_tmb_cav_skeleton_horsemen_archers_0	60	80	0	vo_sel_default	vo_sel_cavalry	vo_sel_culture	1.0	large	0	18	0	0	0	0	0	0	ranged_harasser_flanker	true	false	false	false	low	low	domination_cav			melee	1.0	1.0	false	false
10	wh2_main_bone_45	2100	inf_melee	15	inf_mel	wh2_dlc09_tmb_inf_nehekhara_warriors	xereus_tmb_inf_nehekhara_warriors	hu1_tomb_skeleton_dual_swords	wh2_dlc09_tmb_skeleton	32	22	45	68		0	wh2_dlc09_tmb_dual_sword		6	none	wh2_dlc09_tmb_inf_nehekhara_warriors	wh_main_infantry	trained			true	40.0	1500.0	wh2_dlc09_tmb_inf_nehekhara_warriors_0	60	80	0	vo_sel_default	vo_sel_melee	vo_sel_culture	1.0	small	0	0	0	0	0	0	0	0	melee	false	true	false	false	medium	medium	domination_infantry			melee	1.0	1.0	false	false
10	wh2_main_bone_20	2100	inf_melee	3	inf_spr	wh2_dlc09_tmb_inf_skeleton_spearmen	xereus_tmb_inf_skeleton_spearmen	hu1_tomb_skeleton_spear_and_shield	wh2_dlc09_tmb_skeleton	14	30	35	53		0	wh2_dlc09_tmb_spear		8	wh_missile_block_55_metal	wh2_dlc09_tmb_inf_skeleton_spearmen	wh_main_infantry	trained			true	40.0	1500.0	wh2_dlc09_tmb_inf_skeleton_spearmen_0	60	80	0	vo_sel_default	vo_sel_melee	vo_sel_culture	1.0	small	0	0	0	0	0	0	0	0	melee	false	true	false	false	medium	medium	domination_infantry			melee	1.0	1.0	false	false
10	wh2_main_bone_20	2100	inf_melee	5	inf_mel	wh2_dlc09_tmb_inf_skeleton_warriors	xereus_tmb_inf_skeleton_warriors	hu1_tomb_skeleton_sword_and_shield	wh2_dlc09_tmb_skeleton	18	22	35	53		0	wh2_dlc09_tmb_sword		6	wh_missile_block_55_wood	wh2_dlc09_tmb_inf_skeleton_warriors	wh_main_infantry	trained			true	40.0	1500.0	wh2_dlc09_tmb_inf_skeleton_warriors_0	60	80	0	vo_sel_default	vo_sel_melee	vo_sel_culture	1.0	small	0	0	0	0	0	0	0	0	melee	false	true	false	false	medium	medium	domination_infantry			melee	1.0	1.0	false	false
10	wh2_main_bone_55	2100	inf_melee	8	inf_mel	wh2_dlc09_tmb_inf_tomb_guard	xereus_tmb_inf_tomb_guard	hu1_tomb_sword_and_shield	wh2_dlc09_tmb_skeleton_heavy	32	41	65	74		0	wh2_dlc09_tmb_sword_tomb_guard		6	wh_missile_block_55_wood	wh2_dlc09_tmb_inf_tomb_guard	wh_main_infantry	trained			true	40.0	1500.0	wh2_dlc09_tmb_inf_tomb_guard_0	60	80	0	vo_sel_default	vo_sel_melee	vo_sel_culture	1.0	small	0	0	0	0	0	0	0	0	melee	false	true	false	false	medium	medium	domination_infantry			melee	1.0	1.0	false	false
10	wh2_main_bone_55	2100	inf_melee	5	inf_mel	wh2_dlc09_tmb_inf_tomb_guard	xereus_tmb_inf_tomb_guard_halberd	hu1_tomb_halberd_and_shield	wh2_dlc09_tmb_skeleton_heavy	25	47	65	74		0	wh2_dlc09_tmb_halberd		8	wh_missile_block_55_wood	wh2_dlc09_tmb_inf_tomb_guard_great	wh_main_infantry_2handed	trained			true	40.0	1500.0	wh2_dlc09_tmb_inf_tomb_guard_1	60	80	0	vo_sel_default	vo_sel_melee	vo_sel_culture	1.0	small	0	0	0	0	0	0	0	0	melee	false	true	false	false	medium	medium	domination_infantry			melee	1.0	1.0	false	false
10	wh2_main_bone_80	2100	inf_ranged	20	inf_mis	wh2_pro06_unit_long_text_tmb_mon_bone_giant	xereus_tmb_mon_bone_giant	gi1_colossus_bow	wh2_pro06_tmb_mon_bone_giant	30	28	55	12612		0	wh2_dlc10_tmb_bone_giant	wh2_dlc10_tmb_bone_giant_bow	1	none	wh2_pro06_unit_short_text_tmb_mon_bone_giant	wh_main_monster	trained			true	40.0	1500.0	wh2_pro06_tmb_mon_bone_giant_0	60	80	0	vo_sel_default	vo_sel_melee	vo_sel_culture	1.0	large	0	20	0	0	0	0	0	0	ranged_direct_highvalue	false	false	false	false	medium	medium	domination_monsters			artillery	1.0	1.0	false	false
10	wh2_main_body_20	2100	inf_melee	12	inf_mel	wh2_dlc09_tmb_mon_carrion	xereus_tmb_mon_carrion_0	bi1b_carrion	wh2_dlc09_tmb_flying_carrion	26	46	35	202		0	wh2_cld09_tmb_carrion		5	none	wh2_dlc09_tmb_mon_carrion	wh2_dlc09_tmb_carrions	trained			true	40.0	1500.0	wh2_dlc09_tmb_mon_carrion_0	60	80	0	vo_sel_default	vo_sel_melee	vo_sel_culture	1.0	small	0	0	0	0	0	0	0	0	flying_melee_flanker	false	false	false	false	cant_capture	cant_capture	cant_capture			melee	1.0	1.0	false	false
10	wh2_dlc09_bone_100	2100	inf_melee	20	inf_mel	wh2_dlc09_tmb_mon_heirotitan	xereus_tmb_mon_heirotitan	gi1_tainted_hierotitan_staff_and_scales	wh2_dlc09_tmb_mon_hierotitan	56	45	60	12612		0	whh2_dlc09_tmb_heirotitan		1	none	wh2_dlc09_tmb_mon_heirotitan	wh_main_monster	trained			true	40.0	1500.0	wh2_dlc09_tmb_mon_heirotitan_0	60	80	0	vo_sel_default	vo_sel_melee	vo_sel_culture	1.0	large	0	0	0	0	0	0	0	0	melee_gatecrusher	false	false	false	false	medium	medium	domination_infantry			melee	1.0	1.0	false	false
10	wh2_dlc10_bone_95	2100	war_beast	64	inf_mel	wh2_dlc09_tmb_veh_khemrian_warsphinx	xereus_tmb_mon_khemrian_warsphinx	hu1_tomb_wb_bigcat01_bow	wh2_dlc09_tmb_warsphinx_rider_360	38	38	70	9612	tomb_king_tmb_mnt_warsphinx	1	wh2_dlc09_tmb_warsphinx		1	none	wh2_dlc09_tmb_veh_khemrian_warsphinx	wh_main_monster	trained			true	40.0	1500.0	wh2_dlc09_tmb_mon_khemrian_warsphinx_0	60	80	0	vo_sel_default	vo_sel_default	vo_sel_culture	1.0	large	15	200	0	0	0	0	0	0	melee_gatecrusher	false	false	false	false	medium	medium	domination_monsters			melee	1.0	1.0	false	false
10	wh2_dlc09_bone_100	2100	inf_melee	52	inf_mel	wh2_dlc09_tmb_mon_necrosphinx	xereus_tmb_mon_necrosphinx	ce3_necrosphinx_blades	wh2_dlc09_tmb_mon_necrosphinx	48	40	60	8352		0	wh2_dlc09_swords_necrosphinx		1	none	wh2_dlc09_tmb_mon_necrosphinx	wh_main_monster	trained			true	40.0	1500.0	wh2_dlc09_tmb_mon_necrosphinx_0	60	80	0	vo_sel_default	vo_sel_default	vo_sel_culture	1.0	large	0	0	0	0	0	0	0	0	melee_gatecrusher	false	false	false	false	medium	medium	domination_infantry			melee	1.0	1.0	false	false
10	wh2_main_bone_80	2100	inf_ranged	10	inf_mis	wh2_dlc09_tmb_mon_sepulchral_stalkers	xereus_tmb_mon_sepulchral_stalkers	sn1_sepulchral_stalker_halberd	wh2_dlc09_tmb_mon_sepulchral_stalker	22	30	50	432		0	wh2_dlc09_tmb_halberd_stalker	wh2_dlc09_tmb_stalker_gaze	2	none	wh2_dlc09_tmb_mon_sepulchral_stalkers	wh2_dlc09_stalkers	trained			true	40.0	1500.0	wh2_dlc09_tmb_mon_sepulchral_stalkers_0	60	80	0	vo_sel_default	vo_sel_melee	vo_sel_culture	1.0	large	0	12	0	0	0	0	0	0	melee	false	true	false	false	medium	medium	domination_monsters			archer	1.0	1.0	false	false
10	wh2_dlc10_bone_90	2100	inf_melee	45	inf_mel	wh2_dlc09_tmb_mon_tomb_scorpion	xereus_tmb_mon_tomb_scorpion	sc1_scorpion01	wh2_dlc09_tmb_mon_tomb_scorpion	35	33	55	6012		0	wh2_dlc09_tmb_scorpion_claws		1	none	wh2_dlc09_tmb_mon_tomb_scorpion	wh_main_monster	trained			true	40.0	1500.0	wh2_dlc09_tmb_mon_tomb_scorpion_0	60	80	0	vo_sel_default	vo_sel_default	vo_sel_culture	1.0	large	0	0	0	20	0	0	0	0	melee_gatecrusher	false	false	false	false	medium	medium	domination_infantry			melee	1.0	1.0	false	false
10	wh2_dlc10_bone_90	2100	inf_melee	18	inf_mel	wh2_dlc09_tmb_mon_ushabti	xereus_tmb_mon_ushabti	hu6e_ushabti_dual_weapons	wh2_dlc09_tmb_mon_ushabti	23	35	50	500		0	wh2_dlc09_dual_swords_ushabti		3	none	wh2_dlc09_tmb_mon_ushabti	wh_main_monstrous_trolls	trained			true	40.0	1500.0	wh2_dlc09_tmb_mon_ushabti_0	60	80	0	vo_sel_default	vo_sel_melee	vo_sel_culture	1.0	large	0	0	0	0	0	0	0	0	melee_gatecrusher_shock	false	true	false	false	medium	medium	domination_infantry			melee	1.0	1.0	false	false
10	wh2_dlc10_bone_90	2100	inf_ranged	18	inf_mis	wh2_dlc09_tmb_mon_ushabti	xereus_tmb_mon_ushabti_great	hu6e_ushabti_great_bow	wh2_dlc09_tmb_mon_ushabti	23	35	40	500		0	wh2_dlc09_sword_ushabti	wh2_dlc09_tmb_bow_ushabti	2	none	wh2_dlc09_tmb_mon_ushabti_bow	wh_main_monstrous_trolls	trained			true	40.0	1500.0	wh2_dlc09_tmb_mon_ushabti_1	60	80	0	vo_sel_default	vo_sel_melee	vo_sel_culture	1.0	large	0	21	0	0	0	0	0	0	ranged	true	true	false	false	medium	medium	domination_infantry			archer	1.0	1.0	false	false
10	wh2_main_bone_80	2100	war_machine	58	chariot	wh2_dlc09_tmb_veh_skeleton_chariot	xereus_tmb_veh_skeleton_archer_chariot_0	hu1_tomb_wm_tomb_chariot01_sword_and_bow	wh2_dlc09_tmb_chariot_rider_bow_360	22	24	55	538	wh2_dlc09_tmb_mnt_tomb_steed_chariot_arkhan	2	wh2_dlc09_tmb_chariot	wh2_dlc09_tmb_bow_chariot	2	none	wh2_dlc09_tmb_veh_skeleton_chariot_archers	wh2_dlc09_tmb_chariot	trained	wh2_dlc09_tmb_chariot	wh2_dlc09_tmb_chariot	true	40.0	1500.0	wh2_dlc09_tmb_veh_skeleton_archer_chariot_0	60	80	0	vo_sel_goblin_wolf_chariot	vo_sel_cavalry	vo_sel_goblin_goblins	1.0	large	0	30	0	0	12	0	0	0	hybrid_flanker_shock_harasser	true	false	false	false	medium	medium	domination_cav			skirmish	1.0	1.0	false	false
10	wh2_main_bone_80	2100	war_machine	58	chariot	wh2_dlc09_tmb_veh_skeleton_chariot	xereus_tmb_veh_skeleton_chariot_0	hu1_settra_wm_tomb_chariot01_2handed_halberd	wh2_dlc09_tmb_skeleton	22	24	55	538	wh2_dlc09_tmb_mnt_tomb_steed_chariot_arkhan	2	wh2_dlc09_tmb_chariot		2	none	wh2_dlc09_tmb_veh_skeleton_chariot	wh2_dlc09_tmb_chariot	trained	wh2_dlc09_tmb_chariot	wh2_dlc09_tmb_chariot	true	40.0	1500.0	wh2_dlc09_tmb_veh_skeleton_chariot_0	60	80	0	vo_sel_boar_chariot	vo_sel_boar_chariot	vo_sel_goblin_goblins	1.0	large	0	0	0	0	12	0	0	0	melee_flanker_shock	false	false	false	false	medium	medium	domination_cav			melee	1.0	1.0	false	false
10	wh2_main_plate_90	2100	inf_melee	8	inf_mel	wh_main_unit_long_text_vmp_grave_guard	xereus_tmb_inf_nagashizzar_guard	hu1_graveguard_sword	wh_main_infantry_slow_dismembers	34	44	60	74		0	nagashizzar_axe		6	wh_missile_block_55_wood	wh_main_unit_short_text_vmp_grave_guards	wh_main_infantry	trained			true	40.0	1500.0	xereus_tmb_inf_nagashizzar_guard	60	80	0	vo_sel_default	vo_sel_melee	vo_sel_culture	1.0	small	0	0	0	0	0	10	10	0	melee	false	true	false	false	medium	medium	domination_infantry			melee	1.0	1.0	false	false
10	wh2_main_plate_90	2100	inf_melee	8	inf_mel	wh_main_unit_long_text_vmp_grave_guard	xereus_tmb_inf_stonewrath_guard	hu1_graveguard_sword	wh_main_infantry_slow_dismembers	34	44	60	74		0	stonewrath_blade		6	wh_missile_block_55_wood	wh_main_unit_short_text_vmp_grave_guards	wh_main_infantry	trained			true	40.0	1500.0	xereus_tmb_inf_stonewrath_guard	60	80	0	vo_sel_default	vo_sel_melee	vo_sel_culture	1.0	small	0	0	0	10	0	10	0	0	melee	false	true	false	false	medium	medium	domination_infantry			melee	1.0	1.0	false	false
10	wh2_main_body_80	2100	inf_melee	96	inf_mel	wh2_main_unit_long_text_def_mon_black_dragon	xereus_tmb_mon_zombie_dragon	dr1_dragon_zombie_nagash	wh_main_flying_terrorgheist_blood	50	46	70	8316		0	rotwing_claws		1	none	wh3_dlc29_vmp_mon_zombie_dragon	wh_main_monster	trained			true	40.0	1500.0	wh_main_vmp_mon_terrorgheist	60	80	0	vo_sel_default	vo_sel_melee	vo_sel_culture	1.0	large	0	0	0	0	0	0	15	0	flying_melee_flanker_shock_highvalue	false	false	false	false	cant_capture	cant_capture	cant_capture			melee	1.0	1.0	false	false
10	wh_main_body_0	2100	inf_melee	3	inf_mel	wh_main_unit_long_text_vmp_zombies	xereus_tmb_inf_zmb_summon	hu1_nehekhara_zombie	wh_main_infantry_zombie_blood_dismembers	5	6	35	69		0	wh_main_vmp_sword_zombie		8	none	wh_main_unit_short_text_vmp_zombies	wh2_main_inf_chaotic_formation_tight	trained			true	40.0	1500.0	wh_main_vmp_inf_zombie_summoned	60	80	0	vo_sel_default	vo_sel_melee	vo_sel_culture	1.0	small	0	0	0	0	0	0	0	0	melee	false	true	false	false	cant_capture	cant_capture	cant_capture			melee	1.0	1.0	false	false
10	wh_main_body_0	2100	inf_melee	3	inf_mel	wh_main_unit_long_text_vmp_zombies	xereus_tmb_inf_zmb_summon_upgraded	hu1_nehekhara_zombie	wh_main_infantry_zombie_blood_dismembers	5	6	35	69		0	wh_main_vmp_sword_zombie		8	none	wh_main_unit_short_text_vmp_zombies	wh2_main_inf_chaotic_formation_tight	trained			true	40.0	1500.0	wh_main_vmp_inf_zombie_summoned	60	80	0	vo_sel_default	vo_sel_melee	vo_sel_culture	1.0	small	0	0	0	0	0	0	0	0	melee	false	true	false	false	cant_capture	cant_capture	cant_capture			melee	1.0	1.0	false	false
10	wh_main_body_0	2100	inf_melee	3	inf_mel	wh_main_unit_long_text_vmp_zombies	xereus_tmb_inf_zombie	hu1_nehekhara_zombie	wh_main_infantry_zombie_blood_dismembers	5	6	35	69		0	wh_main_vmp_sword_zombie		8	none	wh_main_unit_short_text_vmp_zombies	wh2_main_inf_chaotic_formation_tight	trained			true	40.0	1500.0	xereus_tmb_inf_zombie	60	80	0	vo_sel_default	vo_sel_melee	vo_sel_culture	1.0	small	0	0	0	0	0	0	0	0	melee_undead	false	true	false	false	medium	medium	domination_infantry_expendable			melee	1.0	1.0	false	false
10	wh2_main_heavy_metal_40	2100	war_machine	12	chariot	wh_dlc04_unit_long_text_vmp_mortis_engine	xereus_tmb_veh_mortis_engine	hu1_empire_hr1_warhorse_lance_sword_shield	wh_main_infantry_standard	30	13	60	7084		0	wh_dlc04_vmp_mortis_engine		1	none	wh_dlc04_unit_short_text_vmp_mortis_engine	wh_main_chariot	trained		wh_dlc04_vmp_veh_mortis_engine	true	40.0	1500.0	xereus_tmb_veh_mortis_engine	60	80	0	vo_sel_vampire_mortis_engine	vo_sel_generic	vo_sel_generic	1.0	large	0	0	0	0	1	0	0	0	melee_highvalue_undead	false	false	false	false	medium	medium	domination_cav			melee	1.0	1.0	false	false
10	wh2_main_plate_90	2100	inf_melee	8	inf_mel	wh_main_unit_long_text_vmp_grave_guard	xereus_tmb_inf_grave_guard	hu1_graveguard_sword	wh_main_infantry_slow_dismembers	26	36	50	74		0	wh_main_vmp_wightblade_grave_guard		6	wh_missile_block_55_wood	wh_main_unit_short_text_vmp_grave_guards	wh_main_infantry	trained			true	40.0	1500.0	xereus_tmb_inf_grave_guard	60	80	0	vo_sel_default	vo_sel_melee	vo_sel_culture	1.0	small	0	0	0	0	0	0	0	0	melee_undead	false	true	false	false	medium	medium	domination_infantry			melee	1.0	1.0	false	false
10	wh2_main_plate_90	2100	inf_melee	12	inf_mel	wh_main_unit_long_text_vmp_grave_guard	xereus_tmb_inf_grave_guard_great	hu1_graveguard_2handed	wh_main_infantry_slow_dismembers	26	26	50	74		0	wh_main_vmp_wightblade_grave_guard_great		6	none	wh3_main_unit_short_text_vmp_grave_guards_greatswords	wh_main_infantry_2handed	trained			true	40.0	1500.0	xereus_tmb_inf_grave_guard_great	60	80	0	vo_sel_default	vo_sel_melee	vo_sel_culture	1.0	small	0	0	0	0	0	0	0	0	melee_undead	false	true	false	false	medium	medium	domination_infantry			melee	1.0	1.0	false	false
10	wh2_main_body_30	2100	inf_melee	16	inf_mel	wh_main_unit_long_text_vmp_crypt_ghouls	wh2_dlc09_tmb_inf_crypt_ghouls	hu8c_ghoul_club	wh_main_vmp_inf_ghoul_blood_dismembers	32	25	54	67		0	wh_main_claws_ghouls		6	none	wh_main_unit_short_text_vmp_crypt_ghouls	wh_main_vmp_crypt_ghouls	trained			true	40.0	1500.0	wh2_dlc09_tmb_inf_crypt_ghouls	60	80	0	vo_sel_default	vo_sel_melee	vo_sel_culture	1.0	small	0	0	0	0	0	0	0	0	melee_undead	false	true	false	false	medium	medium	domination_infantry			melee	1.0	1.0	false	false
10	wh_main_body_0	2100	inf_melee	6	inf_mel	wh_main_unit_long_text_vmp_fell_bats	wh2_dlc09_tmb_mon_fell_bats	ba1_bat	wh_main_flying_fell_bat_blood	19	44	30	62		0	wh_main_vmp_fell_bats		7	none	wh_main_unit_short_text_vmp_fell_bats	wh_main_fellbats	trained			true	40.0	1500.0	wh2_dlc09_tmb_mon_fell_bats	60	80	0	vo_sel_default	vo_sel_melee	vo_sel_culture	1.0	small	0	0	0	0	0	0	0	0	flying_melee_flanker_undead	false	false	false	false	cant_capture	cant_capture	cant_capture			melee	1.0	1.0	false	false
10	wh_main_body_0	2100	inf_melee	28	inf_mel	wh_main_unit_long_text_vmp_dire_wolves	wh2_dlc09_tmb_mon_dire_wolves	wf1_dire_wolves	wh_main_monster_wolf_hound_blood	26	14	35	68		0	wh_main_vmp_wolf_fangs		6	none	wh_main_unit_short_text_vmp_dire_wolves	wh_main_war_beasts	trained			true	40.0	1500.0	wh2_dlc09_tmb_mon_dire_wolves	60	80	0	vo_sel_default	vo_sel_melee	vo_sel_culture	1.0	small	0	0	0	0	0	0	0	0	melee_flanker_undead	false	false	false	false	medium	medium	domination_cav			melee	1.0	1.0	false	false
10	wh_main_body_0	2100	cavalry	55	cav_mel	wh_main_unit_long_text_vmp_hexwraiths	wh2_dlc09_tmb_cav_hexwraiths	hu1_vampire_counts_hr1_warhorse_scythe	wh_main_cavalry_rider_standard_ethereal	34	32	50	108	wh_main_vmp_mnt_skeletal_steed_hexwraiths	60	wh_main_vmp_scythe_hexwraith		4	none	wh_main_unit_short_text_vmp_hexwraiths	wh_main_cavalry_very_chaotic	trained			true	40.0	1500.0	wh2_dlc09_tmb_cav_hexwraiths	60	80	0	vo_sel_default	vo_sel_cavalry	vo_sel_culture	1.0	ethereal	0	0	0	0	0	55	0	0	melee_flanker_undead	false	false	false	false	medium	medium	domination_cav			melee	1.0	1.0	false	false
10	wh2_main_bone_80	2100	inf_melee	40	inf_mel	wh_main_unit_long_text_vmp_terrorgheist	xereus_tmb_mon_terrorgheist	bi2_terrorgheist	wh_main_flying_terrorgheist_blood	41	47	45	8281		0	wh_main_vmp_terrorgheist		1	none	wh_main_unit_short_text_vmp_terrorgheist	wh_main_monster	trained			true	40.0	1500.0	wh_main_vmp_mon_terrorgheist	60	80	0	vo_sel_default	vo_sel_melee	vo_sel_culture	1.0	large	0	0	0	0	0	0	0	0	flying_melee_flanker_undead	false	false	false	false	cant_capture	cant_capture	cant_capture			melee	1.0	1.0	false	false
10	wh2_main_plate_90	2100	inf_melee	12	com	wh2_dlc09_tmb_cha_arkhan	wh2_dlc09_tmb_cha_arkhan_0	hu1_arkhan_the_black	wh2_dlc09_tmb_skeleton_infantry_hero	40	50	75	4832		0	wh2_dlc09_tmb_sword_hero_lord		1	none	wh2_dlc09_tmb_cha_arkhan	wh_main_infantry	trained			true	40.0	1500.0	wh2_dlc09_tmb_cha_arkhan_0	60	80	0	vo_sel_default	vo_sel_generic	vo_sel_generic	1.0	small	0	0	-15	0	0	0	15	0	melee_highvalue	false	true	false	false	high	high	domination_characters			skirmish	1.0	1.0	false	false
10	wh2_main_plate_90	2100	cavalry	32	com	wh2_dlc09_tmb_cha_arkhan	wh2_dlc09_tmb_cha_arkhan_1	hu1_arkhan_steed	wh2_dlc09_tmb_skeleton_infantry_hero	40	50	75	5232	wh2_dlc09_tmb_mnt_tomb_steed_hero_arkhan	1	wh2_dlc09_tmb_sword_hero_lord		1	none	wh2_dlc09_tmb_cha_arkhan	wh_main_monstrous_cavalry	trained			true	40.0	1500.0	wh2_dlc09_tmb_cha_arkhan_1	60	80	0	vo_sel_default	vo_sel_generic	vo_sel_generic	1.0	large	0	0	-15	0	0	0	15	0	melee_highvalue	false	false	false	false	high	high	domination_characters			skirmish	1.0	1.0	false	false
10	wh2_main_plate_70	2100	inf_melee	35	com	wh3_dlc29_vmp_cha_bloodline_lahmian_vampire	stephen_tmb_cha_lahmian_vampire_lord_1	hu1o_dlc29_vmp_lahmian_sword_and_magic	wh3_dlc29_vmp_cha_lahmian	65	50	80	4060		0	wh3_dlc29_vmp_sword_lahmian_lord		1	none	wh2_dlc11_unit_short_text_vmp_lahmian_vampire_lord	wh_main_infantry	trained			true	40.0	1500.0	wh2_dlc11_vmp_cha_bloodline_lahmian_lord_0	60	80	0	vo_sel_default	vo_sel_melee	vo_sel_culture	1.0	small	0	0	0	0	0	20	0	0	melee_highvalue_undead	false	true	false	false	high	high	domination_characters			melee	1.0	1.0	false	false
10	wh2_main_plate_110	2100	cavalry	50	com	wh3_dlc29_vmp_cha_bloodline_lahmian_vampire	stephen_tmb_cha_lahmian_vampire_lord_2	hu1o_dlc29_vmp_hr1_warhorse_lahmian_vampire_sword_and_magic	wh_main_infantry_standard_fast_hero_blood_dismembers	65	50	80	4660	wh2_dlc09_tmb_mnt_tomb_steed_hero_arkhan	1	wh_main_vmp_sword_hero_lord		1	none	wh2_dlc11_unit_short_text_vmp_lahmian_vampire_lord	wh_main_cavalry_chaotic	trained			true	40.0	1500.0	wh2_dlc11_vmp_cha_bloodline_lahmian_lord_1	60	80	0	vo_sel_default	vo_sel_cavalry	vo_sel_culture	1.0	large	0	0	0	0	0	20	0	0	melee_flanker_shock_highvalue_undead	false	false	false	false	high	high	domination_characters			melee	1.0	1.0	false	false
10	wh2_main_plate_90	2100	cavalry	50	com	wh3_dlc29_vmp_cha_bloodline_lahmian_vampire	stephen_tmb_cha_lahmian_vampire_lord_3	hu1o_dlc29_vmp_hr1_hellsteed_lahmian_vampire_sword_and_magic	wh_main_infantry_standard_fast_hero_blood_dismembers	65	50	80	4660	wh_main_vmp_mnt_hellsteed	1	wh_main_vmp_sword_hero_lord		1	none	wh2_dlc11_unit_short_text_vmp_lahmian_vampire_lord	wh_main_monstrous_cavalry	trained			true	40.0	1500.0	wh2_dlc11_vmp_cha_bloodline_lahmian_lord_2	60	80	0	vo_sel_default	vo_sel_cavalry	vo_sel_culture	1.0	large	0	0	0	0	0	20	0	0	flying_melee_highvalue_undead	false	false	false	false	cant_capture	cant_capture	cant_capture			melee	1.0	1.0	false	false
10	wh2_main_body_70	2100	war_beast	40	com	wh3_dlc29_vmp_cha_bloodline_lahmian_vampire	stephen_tmb_cha_lahmian_vampire_lord_4	hu1o_dlc29_vmp_dr1_zombie_dragon_lahmian_vampire_sword_and_magic	wh_main_infantry_standard_fast_hero_blood_dismembers	46	46	80	7728	wh_main_vmp_mnt_dragon_zombie	1	wh_main_vmp_hero_zombie_dragon		1	none	wh2_dlc11_unit_short_text_vmp_lahmian_vampire_lord	wh_main_monster	trained			true	40.0	1500.0	wh2_dlc11_vmp_cha_bloodline_lahmian_lord_3	60	80	0	vo_sel_default	vo_sel_cavalry	vo_sel_culture	1.0	large	0	0	0	0	0	0	25	0	flying_melee_highvalue_undead	false	false	false	false	cant_capture	cant_capture	cant_capture			melee	1.0	1.0	false	false
10	wh2_main_heavy_metal_40	2100	war_machine	30	com	wh3_dlc29_vmp_cha_bloodline_lahmian_vampire	stephen_tmb_cha_lahmian_vampire_lord_coven_throne	hu1o_dlc29_vmp_lahmian_sword_and_magic	wh_main_infantry_standard_fast_hero_blood_dismembers	30	32	80	7084		0	wh3_dlc29_vmp_coven_throne		1	none	wh2_dlc11_unit_short_text_vmp_lahmian_vampire_lord	wh_main_chariot	trained		wh3_dlc29_vmp_veh_coven_throne	true	40.0	1500.0	wh3_dlc29_vmp_cha_bloodline_lahmian_lord_coven_throne	60	80	0	vo_sel_vampire_Lahmian_Coven_Throne	vo_sel_vampire_Lahmian_Coven_Throne	vo_sel_generic	1.0	large	0	0	0	0	1	20	0	0	melee_highvalue_undead	false	false	false	false	medium	medium	domination_cav			melee	1.0	1.0	false	false
10	wh2_main_body_20	2100	inf_melee	20	com	wh3_dlc29_vmp_cha_bloodline_necrarch_lord	stephen_tmb_cha_necrarch_vampire_lord_1	hu1k_dlc29_vmp_necrarch_sword_and_skull	wh_main_infantry_standard_fast_hero_blood_dismembers	40	50	80	5060		0	wh2_dlc11_vmp_sword_hero_lord_necrarch		1	none	wh2_dlc11_unit_short_text_vmp_necrarch_vampire_lord	wh_main_infantry	trained			true	40.0	1500.0	wh2_dlc11_vmp_cha_bloodline_necrarch_lord_0	60	80	0	vo_sel_default	vo_sel_melee	vo_sel_culture	1.0	small	0	0	0	0	0	0	15	0	mage_highvalue_undead	false	true	false	false	high	high	domination_characters			skirmish	1.0	1.0	false	false
10	wh2_main_plate_90	2100	cavalry	45	com	wh3_dlc29_vmp_cha_bloodline_necrarch_lord	stephen_tmb_cha_necrarch_vampire_lord_2	hu1k_dlc29_vmp_hr1_warhorse_necrarch_vampire_sword_and_skull	wh_main_infantry_standard_fast_hero_blood_dismembers	40	50	80	5664	wh_main_vmp_mnt_barded_nightmare_hero	1	wh2_dlc11_vmp_sword_hero_lord_necrarch		1	none	wh2_dlc11_unit_short_text_vmp_necrarch_vampire_lord	wh_main_cavalry_chaotic	trained			true	40.0	1500.0	wh2_dlc11_vmp_cha_bloodline_necrarch_lord_1	60	80	0	vo_sel_default	vo_sel_cavalry	vo_sel_culture	1.0	large	0	0	0	0	0	0	15	0	melee_flanker_shock_highvalue_undead	false	false	false	false	high	high	domination_characters			melee	1.0	1.0	false	false
10	wh2_main_plate_70	2100	cavalry	45	com	wh3_dlc29_vmp_cha_bloodline_necrarch_lord	stephen_tmb_cha_necrarch_vampire_lord_3	hu1k_dlc29_vmp_hr1_hellsteed_necrarch_vampire_sword_and_skull	wh_main_infantry_standard_fast_hero_blood_dismembers	40	50	80	5664	wh_main_vmp_mnt_hellsteed	1	wh2_dlc11_vmp_sword_hero_lord_necrarch		1	none	wh2_dlc11_unit_short_text_vmp_necrarch_vampire_lord	wh_main_monstrous_cavalry	trained			true	40.0	1500.0	wh2_dlc11_vmp_cha_bloodline_necrarch_lord_2	60	80	0	vo_sel_default	vo_sel_cavalry	vo_sel_culture	1.0	large	0	0	0	0	0	0	15	0	flying_mage_highvalue_undead	false	false	false	false	cant_capture	cant_capture	cant_capture			skirmish	1.0	1.0	false	false
10	wh2_main_body_70	2100	war_beast	40	com	wh3_dlc29_vmp_cha_bloodline_necrarch_lord	stephen_tmb_cha_necrarch_vampire_lord_4	hu1k_dlc29_vmp_dr1_zombie_dragon_necrarch_vampire_sword_and_skull	wh_main_infantry_standard_fast_hero_blood_dismembers	42	42	80	7728	wh_main_vmp_mnt_dragon_zombie	1	wh_main_vmp_hero_zombie_dragon		1	none	wh2_dlc11_unit_short_text_vmp_necrarch_vampire_lord	wh_main_monster	trained			true	40.0	1500.0	wh2_dlc11_vmp_cha_bloodline_necrarch_lord_3	60	80	0	vo_sel_default	vo_sel_culture	vo_sel_culture	1.0	large	0	0	0	0	0	0	25	0	flying_melee_mage_highvalue_undead	false	false	false	false	cant_capture	cant_capture	cant_capture			skirmish	1.0	1.0	false	false
10	wh2_main_chainmail_80	2100	inf_melee	20	com	wh2_dlc09_tmb_cha_tomb_king	stephen_tmb_cha_tomb_king_1	hu1_tomb_king_modified	xereus_tmb_cha_tomb_king_hero_lord	50	60	80	4832		0	wh2_dlc09_tmb_sword_hero_lord		1	wh_missile_block_55_wood	wh2_dlc09_tmb_cha_tomb_king	wh_main_infantry_chaos_warriors	trained			true	40.0	1500.0	wh2_dlc09_tmb_cha_tomb_king_0	60	80	0	vo_sel_default	vo_sel_generic	vo_sel_generic	1.0	small	0	0	-15	0	0	0	15	0	melee_highvalue	false	true	false	false	high	high	domination_characters			melee	1.0	1.0	false	false
10	wh2_main_chainmail_80	2100	cavalry	40	com	wh2_dlc09_tmb_cha_tomb_king	stephen_tmb_cha_tomb_king_2	hu1_tomb_hr1_tomb_steed_sword	xereus_tmb_cha_tomb_king_hero_lord	50	60	80	5232	wh2_dlc09_tmb_mnt_tomb_steed_hero_arkhan	1	wh2_dlc09_tmb_sword_hero_lord		1	wh_missile_block_35_wood	wh2_dlc09_tmb_cha_tomb_king	wh_main_monstrous_beasts	trained			true	40.0	1500.0	wh2_dlc09_tmb_cha_tomb_king_1	60	80	0	vo_sel_default	vo_sel_generic	vo_sel_generic	1.0	large	0	0	-15	0	0	0	15	0	melee_flanker_shock_highvalue	false	false	false	false	high	high	domination_characters			melee	1.0	1.0	false	false
10	wh2_main_bone_80	2100	war_machine	80	com	wh2_dlc09_tmb_cha_tomb_king	stephen_tmb_cha_tomb_king_3	hu1_tomb_king_modified	xereus_tmb_cha_tomb_king_hero_lord	34	26	80	5788	wh2_dlc09_tmb_mnt_tomb_steed_chariot_arkhan	2	wh2_dlc09_tmb_chariot_lord		1	wh_missile_block_35_wood	wh2_dlc09_tmb_cha_tomb_king	wh_main_chariot	trained	wh2_dlc09_tmb_chariot	wh2_dlc09_tmb_chariot_general	true	40.0	1500.0	wh2_dlc09_tmb_cha_tomb_king_2	60	80	0	vo_sel_default	vo_sel_generic	vo_sel_generic	1.0	large	0	0	-15	0	1	0	15	0	melee_flanker_shock_highvalue	false	false	false	false	high	high	domination_characters			melee	1.0	1.0	false	false
10	wh2_dlc10_bone_95	2100	war_beast	64	com	wh2_dlc09_tmb_cha_tomb_king	stephen_tmb_cha_tomb_king_4	hu1_tomb_king_modified	xereus_tmb_cha_tomb_king_hero_lord	38	38	80	9800	tomb_king_tmb_mnt_warsphinx	1	wh2_dlc09_tmb_warsphinx_lord		1	none	wh2_dlc09_tmb_cha_tomb_king	wh_main_monster	trained			true	40.0	1500.0	wh2_dlc09_tmb_cha_tomb_king_3	60	80	0	vo_sel_default	vo_sel_generic	vo_sel_generic	1.0	large	0	0	-15	0	1	0	15	0	melee_flanker_shock_highvalue	false	false	false	false	high	high	domination_characters			melee	1.0	1.0	false	false
10	wh2_main_bone_30	2100	inf_melee	10	com	wh2_dlc09_tmb_cha_liche_priest	stephen_tmb_cha_liche_priest_death_1	hu1_liche_priest	wh3_liche_priest_hero_death	25	30	60	3512		0	wh2_dlc09_tmb_staff_hero		1	none	wh2_dlc09_tmb_cha_liche_priest	wh_main_infantry	trained			true	40.0	1500.0	wh2_dlc09_tmb_cha_liche_priest_death_0	60	80	0	vo_sel_default	vo_sel_generic	vo_sel_generic	1.0	small	0	0	0	0	0	0	15	0	mage_highvalue	false	true	false	false	high	high	domination_characters			skirmish	1.0	1.0	false	false
10	wh2_main_bone_30	2100	cavalry	30	com	wh2_dlc09_tmb_cha_liche_priest	stephen_tmb_cha_liche_priest_death_2	hu1_liche_priest_steed	wh3_liche_priest_hero_death	25	30	60	3932	wh2_dlc09_tmb_mnt_tomb_steed_hero_arkhan	1	wh2_dlc09_tmb_staff_hero		1	none	wh2_dlc09_tmb_cha_master_necromancer	wh_main_monstrous_cavalry	trained			true	40.0	1500.0	wh2_dlc09_tmb_cha_liche_priest_death_1	60	80	0	vo_sel_default	vo_sel_generic	vo_sel_generic	1.0	large	0	0	0	0	0	0	15	0	mage_highvalue	false	false	false	false	high	high	domination_characters			skirmish	1.0	1.0	false	false
10	wh2_main_bone_30	2100	inf_melee	10	com	wh2_dlc09_tmb_cha_liche_priest	stephen_tmb_cha_liche_priest_undeath_1	hu1_liche_priest	wh3_liche_priest_hero_shadow	25	30	60	3512		0	wh2_dlc09_tmb_staff_hero		1	none	wh2_dlc09_tmb_cha_liche_priest	wh_main_infantry	trained			true	40.0	1500.0	wh2_dlc09_tmb_cha_liche_priest_death_0	60	80	0	vo_sel_default	vo_sel_generic	vo_sel_generic	1.0	small	0	0	0	0	0	0	15	0	mage_highvalue	false	true	false	false	high	high	domination_characters			skirmish	1.0	1.0	false	false
10	wh2_main_bone_30	2100	cavalry	30	com	wh2_dlc09_tmb_cha_liche_priest	stephen_tmb_cha_liche_priest_undeath_2	hu1_liche_priest_steed	wh3_liche_priest_hero_shadow	25	30	60	3932	wh2_dlc09_tmb_mnt_tomb_steed_hero_arkhan	1	wh2_dlc09_tmb_staff_hero		1	none	wh2_dlc09_tmb_cha_master_necromancer	wh_main_monstrous_cavalry	trained			true	40.0	1500.0	wh2_dlc09_tmb_cha_liche_priest_death_1	60	80	0	vo_sel_default	vo_sel_generic	vo_sel_generic	1.0	large	0	0	0	0	0	0	15	0	mage_highvalue	false	false	false	false	high	high	domination_characters			skirmish	1.0	1.0	false	false
10	wh2_main_bone_30	2100	inf_melee	10	com	wh2_dlc09_tmb_cha_liche_priest	stephen_tmb_cha_liche_priest_light_1	hu1_liche_priest	wh3_liche_priest_hero_light	25	30	60	3512		0	wh2_dlc09_tmb_staff_hero		1	none	wh2_dlc09_tmb_cha_liche_priest	wh_main_infantry	trained			true	40.0	1500.0	wh2_dlc09_tmb_cha_liche_priest_death_0	60	80	0	vo_sel_default	vo_sel_generic	vo_sel_generic	1.0	small	0	0	0	0	0	0	15	0	mage_highvalue	false	true	false	false	high	high	domination_characters			skirmish	1.0	1.0	false	false
10	wh2_main_bone_30	2100	cavalry	30	com	wh2_dlc09_tmb_cha_liche_priest	stephen_tmb_cha_liche_priest_light_2	hu1_liche_priest_steed	wh3_liche_priest_hero_light	25	30	60	3932	wh2_dlc09_tmb_mnt_tomb_steed_hero_arkhan	1	wh2_dlc09_tmb_staff_hero		1	none	wh2_dlc09_tmb_cha_master_necromancer	wh_main_monstrous_cavalry	trained			true	40.0	1500.0	wh2_dlc09_tmb_cha_liche_priest_death_1	60	80	0	vo_sel_default	vo_sel_generic	vo_sel_generic	1.0	large	0	0	0	0	0	0	15	0	mage_highvalue	false	false	false	false	high	high	domination_characters			skirmish	1.0	1.0	false	false
10	wh2_main_bone_30	2100	inf_melee	10	com	wh2_dlc09_tmb_cha_liche_priest	stephen_tmb_cha_liche_priest_shadow_1	hu1_liche_priest	wh3_liche_priest_hero_shadow	25	30	60	3512		0	wh2_dlc09_tmb_staff_hero		1	none	wh2_dlc09_tmb_cha_liche_priest	wh_main_infantry	trained			true	40.0	1500.0	wh2_dlc09_tmb_cha_liche_priest_death_0	60	80	0	vo_sel_default	vo_sel_generic	vo_sel_generic	1.0	small	0	0	0	0	0	0	15	0	mage_highvalue	false	true	false	false	high	high	domination_characters			skirmish	1.0	1.0	false	false
10	wh2_main_bone_30	2100	cavalry	30	com	wh2_dlc09_tmb_cha_liche_priest	stephen_tmb_cha_liche_priest_shadow_2	hu1_liche_priest_steed	wh3_liche_priest_hero_shadow	25	30	60	3932	wh2_dlc09_tmb_mnt_tomb_steed_hero_arkhan	1	wh2_dlc09_tmb_staff_hero		1	none	wh2_dlc09_tmb_cha_master_necromancer	wh_main_monstrous_cavalry	trained			true	40.0	1500.0	wh2_dlc09_tmb_cha_liche_priest_death_1	60	80	0	vo_sel_default	vo_sel_generic	vo_sel_generic	1.0	large	0	0	0	0	0	0	15	0	mage_highvalue	false	false	false	false	high	high	domination_characters			skirmish	1.0	1.0	false	false
10	wh2_main_bone_30	2100	inf_melee	10	com	wh2_dlc09_tmb_cha_liche_priest	stephen_tmb_cha_liche_priest_nehekhara_1	hu1_liche_priest	wh3_liche_priest_hero_nehekhara	25	30	60	3512		0	wh2_dlc09_tmb_staff_hero		1	none	wh2_dlc09_tmb_cha_liche_priest	wh_main_infantry	trained			true	40.0	1500.0	wh2_dlc09_tmb_cha_liche_priest_death_0	60	80	0	vo_sel_default	vo_sel_generic	vo_sel_generic	1.0	small	0	0	0	0	0	0	15	0	mage_highvalue	false	true	false	false	high	high	domination_characters			skirmish	1.0	1.0	false	false
10	wh2_main_bone_30	2100	cavalry	30	com	wh2_dlc09_tmb_cha_liche_priest	stephen_tmb_cha_liche_priest_nehekhara_2	hu1_liche_priest_steed	wh3_liche_priest_hero_nehekhara	25	30	60	3932	wh2_dlc09_tmb_mnt_tomb_steed_hero_arkhan	1	wh2_dlc09_tmb_staff_hero		1	none	wh2_dlc09_tmb_cha_master_necromancer	wh_main_monstrous_cavalry	trained			true	40.0	1500.0	wh2_dlc09_tmb_cha_liche_priest_death_1	60	80	0	vo_sel_default	vo_sel_generic	vo_sel_generic	1.0	large	0	0	0	0	0	0	15	0	mage_highvalue	false	false	false	false	high	high	domination_characters			skirmish	1.0	1.0	false	false
10	wh2_main_bone_40	2100	inf_melee	10	com	wh3_dlc29_tmb_cha_liche_high_priest	stephen_tmb_cha_high_liche_priest_death_1	hu1_master_liche	wh3_master_liche_death	28	38	75	3880		0	wh2_dlc09_tmb_sword_hero_khatep		1	none	wh2_dlc09_tmb_cha_tomb_king	wh_main_infantry	trained			true	40.0	1500.0	wh2_dlc09_tmb_cha_khatep_0	60	80	0	vo_sel_default	vo_sel_generic	vo_sel_generic	1.0	small	0	0	-15	0	0	0	15	0	hybrid_highvalue	false	true	false	false	high	high	domination_characters			skirmish	1.0	1.0	false	false
10	wh2_main_bone_40	2100	cavalry	30	com	wh3_dlc29_tmb_cha_liche_high_priest	stephen_tmb_cha_high_liche_priest_death_2	hu1_master_liche_steed	wh3_master_liche_death	28	38	75	4368	wh2_dlc09_tmb_mnt_tomb_steed_hero_arkhan	1	wh2_dlc09_tmb_sword_hero_khatep		1	none	wh2_dlc09_tmb_cha_tomb_king	wh_main_monstrous_cavalry	trained			true	40.0	1500.0	wh2_dlc09_tmb_cha_khatep_1	60	80	0	vo_sel_default	vo_sel_generic	vo_sel_generic	1.0	large	0	0	-15	0	0	0	15	0	melee_flanker_shock_highvalue	false	false	false	false	high	high	domination_characters			skirmish	1.0	1.0	false	false
10	wh2_main_bone_80	2100	war_machine	75	com	wh3_dlc29_tmb_cha_liche_high_priest	stephen_tmb_cha_high_liche_priest_death_3	hu1_master_liche	wh3_master_liche_death	28	24	75	5000	wh2_dlc09_tmb_mnt_tomb_steed_chariot_arkhan	2	wh2_dlc09_tmb_chariot_lord		1	none	wh2_dlc09_tmb_cha_tomb_king	wh_main_chariot	trained	wh2_dlc09_tmb_chariot	wh2_dlc09_tmb_chariot_general	true	40.0	1500.0	wh2_dlc09_tmb_cha_khatep_2	60	80	0	vo_sel_default	vo_sel_generic	vo_sel_generic	1.0	large	0	0	-15	0	1	0	15	0	mage_highvalue	false	false	false	false	high	high	domination_characters			skirmish	1.0	1.0	false	false
10	wh2_main_bone_40	2100	inf_melee	10	com	wh3_dlc29_tmb_cha_liche_high_priest	stephen_tmb_cha_high_liche_priest_undeath_1	hu1_master_liche	wh3_master_liche_vampires	28	38	75	3880		0	wh2_dlc09_tmb_sword_hero_khatep		1	none	wh2_dlc09_tmb_cha_tomb_king	wh_main_infantry	trained			true	40.0	1500.0	wh2_dlc09_tmb_cha_khatep_0	60	80	0	vo_sel_default	vo_sel_generic	vo_sel_generic	1.0	small	0	0	-15	0	0	0	15	0	hybrid_highvalue	false	true	false	false	high	high	domination_characters			skirmish	1.0	1.0	false	false
10	wh2_main_bone_40	2100	cavalry	30	com	wh3_dlc29_tmb_cha_liche_high_priest	stephen_tmb_cha_high_liche_priest_undeath_2	hu1_master_liche_steed	wh3_master_liche_vampires	28	38	75	4368	wh2_dlc09_tmb_mnt_tomb_steed_hero_arkhan	1	wh2_dlc09_tmb_sword_hero_khatep		1	none	wh2_dlc09_tmb_cha_tomb_king	wh_main_monstrous_cavalry	trained			true	40.0	1500.0	wh2_dlc09_tmb_cha_khatep_1	60	80	0	vo_sel_default	vo_sel_generic	vo_sel_generic	1.0	large	0	0	-15	0	0	0	15	0	melee_flanker_shock_highvalue	false	false	false	false	high	high	domination_characters			skirmish	1.0	1.0	false	false
10	wh2_main_bone_80	2100	war_machine	75	com	wh3_dlc29_tmb_cha_liche_high_priest	stephen_tmb_cha_high_liche_priest_undeath_3	hu1_master_liche	wh3_master_liche_vampires	28	24	75	5000	wh2_dlc09_tmb_mnt_tomb_steed_chariot_arkhan	2	wh2_dlc09_tmb_chariot_lord		1	none	wh2_dlc09_tmb_cha_tomb_king	wh_main_chariot	trained	wh2_dlc09_tmb_chariot	wh2_dlc09_tmb_chariot_general	true	40.0	1500.0	wh2_dlc09_tmb_cha_khatep_2	60	80	0	vo_sel_default	vo_sel_generic	vo_sel_generic	1.0	large	0	0	-15	0	1	0	15	0	mage_highvalue	false	false	false	false	high	high	domination_characters			skirmish	1.0	1.0	false	false
10	wh2_main_bone_40	2100	inf_melee	10	com	wh3_dlc29_tmb_cha_liche_high_priest	stephen_tmb_cha_high_liche_priest_nehekhara_1	hu1_master_liche	wh3_master_liche_nehekhara	28	38	75	3880		0	wh2_dlc09_tmb_sword_hero_khatep		1	none	wh2_dlc09_tmb_cha_tomb_king	wh_main_infantry	trained			true	40.0	1500.0	wh2_dlc09_tmb_cha_khatep_0	60	80	0	vo_sel_default	vo_sel_generic	vo_sel_generic	1.0	small	0	0	-15	0	0	0	15	0	hybrid_highvalue	false	true	false	false	high	high	domination_characters			skirmish	1.0	1.0	false	false
10	wh2_main_bone_40	2100	cavalry	30	com	wh3_dlc29_tmb_cha_liche_high_priest	stephen_tmb_cha_high_liche_priest_nehekhara_2	hu1_master_liche_steed	wh3_master_liche_nehekhara	28	38	75	4368	wh2_dlc09_tmb_mnt_tomb_steed_hero_arkhan	1	wh2_dlc09_tmb_sword_hero_khatep		1	none	wh2_dlc09_tmb_cha_tomb_king	wh_main_monstrous_cavalry	trained			true	40.0	1500.0	wh2_dlc09_tmb_cha_khatep_1	60	80	0	vo_sel_default	vo_sel_generic	vo_sel_generic	1.0	large	0	0	-15	0	0	0	15	0	melee_flanker_shock_highvalue	false	false	false	false	high	high	domination_characters			skirmish	1.0	1.0	false	false
10	wh2_main_bone_80	2100	war_machine	75	com	wh3_dlc29_tmb_cha_liche_high_priest	stephen_tmb_cha_high_liche_priest_nehekhara_3	hu1_master_liche	wh3_master_liche_nehekhara	28	24	75	5000	wh2_dlc09_tmb_mnt_tomb_steed_chariot_arkhan	2	wh2_dlc09_tmb_chariot_lord		1	none	wh2_dlc09_tmb_cha_tomb_king	wh_main_chariot	trained	wh2_dlc09_tmb_chariot	wh2_dlc09_tmb_chariot_general	true	40.0	1500.0	wh2_dlc09_tmb_cha_khatep_2	60	80	0	vo_sel_default	vo_sel_generic	vo_sel_generic	1.0	large	0	0	-15	0	1	0	15	0	mage_highvalue	false	false	false	false	high	high	domination_characters			skirmish	1.0	1.0	false	false
10	wh2_main_bone_40	2100	inf_melee	10	com	wh3_dlc29_tmb_cha_liche_high_priest	stephen_tmb_cha_high_liche_priest_light_1	hu1_master_liche	wh3_master_liche_light	28	38	75	3880		0	wh2_dlc09_tmb_sword_hero_khatep		1	none	wh2_dlc09_tmb_cha_tomb_king	wh_main_infantry	trained			true	40.0	1500.0	wh2_dlc09_tmb_cha_khatep_0	60	80	0	vo_sel_default	vo_sel_generic	vo_sel_generic	1.0	small	0	0	-15	0	0	0	15	0	hybrid_highvalue	false	true	false	false	high	high	domination_characters			skirmish	1.0	1.0	false	false
10	wh2_main_bone_40	2100	cavalry	30	com	wh3_dlc29_tmb_cha_liche_high_priest	stephen_tmb_cha_high_liche_priest_light_2	hu1_master_liche_steed	wh3_master_liche_light	28	38	75	4368	wh2_dlc09_tmb_mnt_tomb_steed_hero_arkhan	1	wh2_dlc09_tmb_sword_hero_khatep		1	none	wh2_dlc09_tmb_cha_tomb_king	wh_main_monstrous_cavalry	trained			true	40.0	1500.0	wh2_dlc09_tmb_cha_khatep_1	60	80	0	vo_sel_default	vo_sel_generic	vo_sel_generic	1.0	large	0	0	-15	0	0	0	15	0	melee_flanker_shock_highvalue	false	false	false	false	high	high	domination_characters			skirmish	1.0	1.0	false	false
10	wh2_main_bone_80	2100	war_machine	75	com	wh3_dlc29_tmb_cha_liche_high_priest	stephen_tmb_cha_high_liche_priest_light_3	hu1_master_liche	wh3_master_liche_light	28	24	75	5000	wh2_dlc09_tmb_mnt_tomb_steed_chariot_arkhan	2	wh2_dlc09_tmb_chariot_lord		1	none	wh2_dlc09_tmb_cha_tomb_king	wh_main_chariot	trained	wh2_dlc09_tmb_chariot	wh2_dlc09_tmb_chariot_general	true	40.0	1500.0	wh2_dlc09_tmb_cha_khatep_2	60	80	0	vo_sel_default	vo_sel_generic	vo_sel_generic	1.0	large	0	0	-15	0	1	0	15	0	mage_highvalue	false	false	false	false	high	high	domination_characters			skirmish	1.0	1.0	false	false
10	wh2_dlc15_bone_120	2100	inf_melee	35	inf_mel	wh3_dlc29_tmb_mon_khemric_titan	xereus_tmb_mon_khemric_titan	sp2_dlc29_khemric_titan	wh3_dlc29_tmb_mon_khemric_titan	58	40	60	14992		0	wh3_dlc29_tmb_khemric_titan_claws		1	none	wh3_dlc29_tmb_mon_khemric_titan	wh3_dlc29_tmb_khemric_titan	trained			true	40.0	1500.0	wh3_dlc29_tmb_mon_khemric_titan	60	80	0	vo_sel_default	vo_sel_default	vo_sel_culture	1.0	large	0	0	0	0	0	0	0	0	melee_gatecrusher_undead	false	false	false	false	medium	medium	domination_monsters			melee	1.0	1.0	false	false
10	wh2_main_chainmail_50	2100	inf_melee	15	com	wh3_dlc29_tmb_cha_tomb_herald	stephen_tmb_cha_tomb_herald	hu1s_dlc29_tomb_herald	wh2_dlc09_tmb_skeleton_infantry_hero	45	40	65	3960		0	wh3_dlc29_tmb_tomb_herald_sword		1	none	wh3_dlc29_tmb_cha_tomb_herald	wh_main_infantry	trained			true	40.0	1500.0	wh3_dlc29_tmb_cha_tomb_herald	60	80	0	vo_sel_default	vo_sel_generic	vo_sel_generic	1.0	small	0	0	-15	0	0	0	15	0	melee_highvalue_undead	false	true	false	false	high	high	domination_characters			melee	1.0	1.0	false	false
10	wh2_main_chainmail_50	2100	cavalry	45	com	wh3_dlc29_tmb_cha_tomb_herald	stephen_tmb_cha_tomb_herald_skeletal_steed	hu1s_dlc29_tomb_hr1_tomb_steed_staff_and_sword	wh2_dlc09_tmb_skeleton_infantry_hero	45	40	65	4432	wh2_dlc09_tmb_mnt_tomb_steed_hero_arkhan	1	wh3_dlc29_tmb_tomb_herald_sword		1	none	wh3_dlc29_tmb_cha_tomb_herald	wh_main_monstrous_cavalry	trained			true	40.0	1500.0	wh3_dlc29_tmb_cha_tomb_herald_skeletal_steed	60	80	0	vo_sel_default	vo_sel_generic	vo_sel_generic	1.0	large	0	0	-15	0	0	0	15	0	melee_flanker_shock_highvalue_undead	false	false	false	false	high	high	domination_characters			melee	1.0	1.0	false	false
10	wh2_main_bone_80	2100	war_machine	80	com	wh3_dlc29_tmb_cha_tomb_herald	stephen_tmb_cha_tomb_herald_skeleton_chariot	hu1s_dlc29_tomb_herald	wh2_dlc09_tmb_skeleton_infantry_hero	30	24	65	4888	wh2_dlc09_tmb_mnt_tomb_steed_chariot_arkhan	2	wh2_dlc09_tmb_chariot_lord		1	none	wh3_dlc29_tmb_cha_tomb_herald	wh_main_chariot	trained	wh2_dlc09_tmb_chariot	wh2_dlc09_tmb_chariot_general	true	40.0	1500.0	wh3_dlc29_tmb_cha_tomb_herald_skeleton_chariot	60	80	0	vo_sel_default	vo_sel_generic	vo_sel_generic	1.0	large	0	0	-15	0	1	0	15	0	melee_flanker_shock_highvalue_undead	false	false	false	false	high	high	domination_characters			melee	1.0	1.0	false	false
