building	unit	XP	key	conditions	faction	enabled
#building_units_allowed_tables;4;db/building_units_allowed_tables/atbe						
wh2_dlc09_tmb_infantry_2	xereus_tmb_inf_grave_guard	0	784512	0	wh2_dlc09_tmb_followers_of_nagash	true
wh2_dlc09_tmb_infantry_3	xereus_tmb_inf_grave_guard	0	784513	0	wh2_dlc09_tmb_followers_of_nagash	true
wh2_dlc09_tmb_infantry_3	xereus_tmb_inf_grave_guard_great	0	784514	0	wh2_dlc09_tmb_followers_of_nagash	true
wh2_dlc09_tmb_settlement_minor_1	xereus_tmb_inf_zombie	0	784515	0	wh2_dlc09_tmb_followers_of_nagash	true
wh2_dlc09_tmb_settlement_minor_2	xereus_tmb_inf_zombie	0	784516	0	wh2_dlc09_tmb_followers_of_nagash	true
wh2_dlc09_tmb_settlement_minor_3	xereus_tmb_inf_zombie	0	784517	0	wh2_dlc09_tmb_followers_of_nagash	true
wh2_dlc09_tmb_settlement_major_1	xereus_tmb_inf_zombie	0	784518	0	wh2_dlc09_tmb_followers_of_nagash	true
wh2_dlc09_tmb_settlement_major_2	xereus_tmb_inf_zombie	0	784519	0	wh2_dlc09_tmb_followers_of_nagash	true
wh2_dlc09_tmb_settlement_major_3	xereus_tmb_inf_zombie	0	784520	0	wh2_dlc09_tmb_followers_of_nagash	true
wh2_dlc09_tmb_settlement_major_4	xereus_tmb_inf_zombie	0	784521	0	wh2_dlc09_tmb_followers_of_nagash	true
wh2_dlc09_tmb_settlement_major_5	xereus_tmb_inf_zombie	0	784522	0	wh2_dlc09_tmb_followers_of_nagash	true
wh2_dlc09_tmb_settlement_major_5	xereus_tmb_mon_zombie_dragon	0	784523	0	wh2_dlc09_tmb_followers_of_nagash	true
wh2_dlc09_tmb_settlement_major_3	xereus_tmb_veh_mortis_engine	0	784524	0	wh2_dlc09_tmb_followers_of_nagash	true
wh2_dlc09_tmb_settlement_major_4	xereus_tmb_veh_mortis_engine	0	784525	0	wh2_dlc09_tmb_followers_of_nagash	true
wh2_dlc09_tmb_settlement_major_5	xereus_tmb_veh_mortis_engine	0	784526	0	wh2_dlc09_tmb_followers_of_nagash	true
wh3_dlc29_tmb_scorpions_2	xereus_tmb_mon_khemric_titan	0	1824623641	0	wh2_dlc09_tmb_followers_of_nagash	true
wh2_dlc09_tmb_infantry_2	xereus_tmb_inf_tomb_guard	0	1670644729	0	wh2_dlc09_tmb_followers_of_nagash	true
wh2_dlc09_tmb_infantry_3	xereus_tmb_inf_tomb_guard_halberd	0	100680077	0	wh2_dlc09_tmb_followers_of_nagash	true
wh2_dlc09_tmb_infantry_3	xereus_tmb_inf_tomb_guard	0	1923069132	0	wh2_dlc09_tmb_followers_of_nagash	true
wh2_dlc09_tmb_settlement_minor_1	xereus_tmb_inf_skeleton_spearmen	0	1905130791	0	wh2_dlc09_tmb_followers_of_nagash	true
wh2_dlc09_tmb_settlement_minor_1	xereus_tmb_inf_skeleton_warriors	0	557985914	0	wh2_dlc09_tmb_followers_of_nagash	true
wh2_dlc09_tmb_settlement_minor_2	xereus_tmb_inf_skeleton_spearmen	0	1093940517	0	wh2_dlc09_tmb_followers_of_nagash	true
wh2_dlc09_tmb_settlement_minor_2	xereus_tmb_inf_skeleton_warriors	0	1901311984	0	wh2_dlc09_tmb_followers_of_nagash	true
wh2_dlc09_tmb_settlement_minor_3	xereus_tmb_inf_skeleton_spearmen	0	1264041479	0	wh2_dlc09_tmb_followers_of_nagash	true
wh2_dlc09_tmb_settlement_minor_3	xereus_tmb_inf_skeleton_warriors	0	530683256	0	wh2_dlc09_tmb_followers_of_nagash	true
wh2_dlc09_tmb_settlement_major_1	xereus_tmb_inf_skeleton_spearmen	0	1884268014	0	wh2_dlc09_tmb_followers_of_nagash	true
wh2_dlc09_tmb_settlement_major_1	xereus_tmb_inf_skeleton_warriors	0	22095177	0	wh2_dlc09_tmb_followers_of_nagash	true
wh2_dlc09_tmb_settlement_major_2	xereus_tmb_inf_skeleton_spearmen	0	1250293209	0	wh2_dlc09_tmb_followers_of_nagash	true
wh2_dlc09_tmb_settlement_major_2	xereus_tmb_inf_skeleton_warriors	0	386427286	0	wh2_dlc09_tmb_followers_of_nagash	true
wh2_dlc09_tmb_settlement_major_3	xereus_tmb_inf_skeleton_spearmen	0	1125275897	0	wh2_dlc09_tmb_followers_of_nagash	true
wh2_dlc09_tmb_settlement_major_3	xereus_tmb_inf_skeleton_warriors	0	2141536038	0	wh2_dlc09_tmb_followers_of_nagash	true
wh2_dlc09_tmb_settlement_major_4	xereus_tmb_inf_skeleton_spearmen	0	1467075739	0	wh2_dlc09_tmb_followers_of_nagash	true
wh2_dlc09_tmb_settlement_major_4	xereus_tmb_inf_skeleton_warriors	0	476624104	0	wh2_dlc09_tmb_followers_of_nagash	true
wh2_dlc09_tmb_settlement_major_5	xereus_tmb_inf_skeleton_spearmen	0	1474755539	0	wh2_dlc09_tmb_followers_of_nagash	true
wh2_dlc09_tmb_settlement_major_5	xereus_tmb_inf_skeleton_warriors	0	679069419	0	wh2_dlc09_tmb_followers_of_nagash	true
wh3_main_special_the_great_desert_tmb_2	xereus_tmb_mon_ushabti	0	1478053986	0	wh2_dlc09_tmb_followers_of_nagash	true
wh3_main_special_the_great_desert_tmb_2	xereus_tmb_mon_ushabti_great	0	1348593071	0	wh2_dlc09_tmb_followers_of_nagash	true
wh2_dlc09_special_settlement_lahmia_tmb_1	xereus_tmb_inf_skeleton_warriors	0	1204237741	0	wh2_dlc09_tmb_followers_of_nagash	true
wh2_dlc09_special_settlement_lahmia_tmb_1	xereus_tmb_inf_skeleton_spearmen	0	677024931	0	wh2_dlc09_tmb_followers_of_nagash	true
wh2_dlc09_special_settlement_lahmia_tmb_2	xereus_tmb_inf_skeleton_warriors	0	1282133563	0	wh2_dlc09_tmb_followers_of_nagash	true
wh2_dlc09_special_settlement_lahmia_tmb_2	xereus_tmb_inf_skeleton_spearmen	0	1433185562	0	wh2_dlc09_tmb_followers_of_nagash	true
wh2_dlc09_special_settlement_lahmia_tmb_3	xereus_tmb_inf_skeleton_warriors	0	1087353268	0	wh2_dlc09_tmb_followers_of_nagash	true
wh2_dlc09_special_settlement_lahmia_tmb_3	xereus_tmb_inf_skeleton_spearmen	0	1222439410	0	wh2_dlc09_tmb_followers_of_nagash	true
wh2_dlc09_special_settlement_lahmia_tmb_4	xereus_tmb_inf_skeleton_warriors	0	1278683364	0	wh2_dlc09_tmb_followers_of_nagash	true
wh2_dlc09_special_settlement_lahmia_tmb_4	xereus_tmb_inf_skeleton_spearmen	0	416891337	0	wh2_dlc09_tmb_followers_of_nagash	true
wh2_dlc09_special_settlement_lahmia_tmb_5	xereus_tmb_inf_skeleton_warriors	0	1111739297	0	wh2_dlc09_tmb_followers_of_nagash	true
wh2_dlc09_special_settlement_lahmia_tmb_5	xereus_tmb_inf_skeleton_spearmen	0	1316076401	0	wh2_dlc09_tmb_followers_of_nagash	true
wh2_dlc09_special_settlement_khemri_tmb_1	xereus_tmb_inf_skeleton_warriors	0	1126137627	0	wh2_dlc09_tmb_followers_of_nagash	true
wh2_dlc09_special_settlement_khemri_tmb_1	xereus_tmb_inf_skeleton_spearmen	0	1185050685	0	wh2_dlc09_tmb_followers_of_nagash	true
wh2_dlc09_special_settlement_khemri_tmb_2	xereus_tmb_inf_skeleton_warriors	0	1754140276	0	wh2_dlc09_tmb_followers_of_nagash	true
wh2_dlc09_special_settlement_khemri_tmb_2	xereus_tmb_inf_skeleton_spearmen	0	94487570	0	wh2_dlc09_tmb_followers_of_nagash	true
wh2_dlc09_special_settlement_khemri_tmb_3	xereus_tmb_inf_skeleton_warriors	0	1705831750	0	wh2_dlc09_tmb_followers_of_nagash	true
wh2_dlc09_special_settlement_khemri_tmb_3	xereus_tmb_inf_skeleton_spearmen	0	898136492	0	wh2_dlc09_tmb_followers_of_nagash	true
wh2_dlc09_special_settlement_khemri_tmb_4	xereus_tmb_inf_skeleton_warriors	0	1419597419	0	wh2_dlc09_tmb_followers_of_nagash	true
wh2_dlc09_special_settlement_khemri_tmb_4	xereus_tmb_inf_skeleton_spearmen	0	1431123026	0	wh2_dlc09_tmb_followers_of_nagash	true
wh2_dlc09_special_settlement_khemri_tmb_5	xereus_tmb_inf_skeleton_warriors	0	183557110	0	wh2_dlc09_tmb_followers_of_nagash	true
wh2_dlc09_special_settlement_khemri_tmb_5	xereus_tmb_inf_skeleton_spearmen	0	891327833	0	wh2_dlc09_tmb_followers_of_nagash	true
wh2_dlc09_special_settlement_pyramid_of_nagash_tmb_1	xereus_tmb_inf_skeleton_warriors	0	1212121922	0	wh2_dlc09_tmb_followers_of_nagash	true
wh2_dlc09_special_settlement_pyramid_of_nagash_tmb_1	xereus_tmb_inf_skeleton_spearmen	0	498642181	0	wh2_dlc09_tmb_followers_of_nagash	true
wh2_dlc09_special_settlement_pyramid_of_nagash_tmb_2	xereus_tmb_inf_skeleton_warriors	0	211864992	0	wh2_dlc09_tmb_followers_of_nagash	true
wh2_dlc09_special_settlement_pyramid_of_nagash_tmb_2	xereus_tmb_inf_skeleton_spearmen	0	6255471	0	wh2_dlc09_tmb_followers_of_nagash	true
wh2_dlc09_special_settlement_pyramid_of_nagash_tmb_3	xereus_tmb_inf_skeleton_warriors	0	2057829502	0	wh2_dlc09_tmb_followers_of_nagash	true
wh2_dlc09_special_settlement_pyramid_of_nagash_tmb_3	xereus_tmb_inf_skeleton_spearmen	0	885917751	0	wh2_dlc09_tmb_followers_of_nagash	true
wh2_dlc09_special_settlement_pyramid_of_nagash_tmb_4	xereus_tmb_inf_skeleton_warriors	0	147095221	0	wh2_dlc09_tmb_followers_of_nagash	true
wh2_dlc09_special_settlement_pyramid_of_nagash_tmb_4	xereus_tmb_inf_skeleton_spearmen	0	301396515	0	wh2_dlc09_tmb_followers_of_nagash	true
wh2_dlc09_special_settlement_pyramid_of_nagash_tmb_5	xereus_tmb_inf_skeleton_warriors	0	1227768432	0	wh2_dlc09_tmb_followers_of_nagash	true
wh2_dlc09_special_settlement_pyramid_of_nagash_tmb_5	xereus_tmb_inf_skeleton_spearmen	0	2123827081	0	wh2_dlc09_tmb_followers_of_nagash	true
wh2_dlc09_tmb_citadel_1	xereus_tmb_mon_bone_giant	0	1317249474	0	wh2_dlc09_tmb_followers_of_nagash	true
wh2_dlc09_tmb_hierotitan_1	xereus_tmb_mon_heirotitan	0	1316935510	0	wh2_dlc09_tmb_followers_of_nagash	true
wh2_dlc09_tmb_hierotitan_2	xereus_tmb_mon_heirotitan	0	586645699	0	wh2_dlc09_tmb_followers_of_nagash	true
wh2_dlc09_tmb_necrosphinx_1	xereus_tmb_mon_necrosphinx	0	2124852622	0	wh2_dlc09_tmb_followers_of_nagash	true
wh2_dlc09_tmb_necrosphinx_2	xereus_tmb_mon_necrosphinx	0	1970578182	0	wh2_dlc09_tmb_followers_of_nagash	true
wh2_dlc09_tmb_scorpions_1	xereus_tmb_mon_tomb_scorpion	0	1358199015	0	wh2_dlc09_tmb_followers_of_nagash	true
wh2_dlc09_tmb_ushabti_1	xereus_tmb_mon_ushabti	0	1964467602	0	wh2_dlc09_tmb_followers_of_nagash	true
wh2_dlc09_tmb_ushabti_2	xereus_tmb_mon_ushabti	0	626949272	0	wh2_dlc09_tmb_followers_of_nagash	true
wh2_dlc09_tmb_ushabti_2	xereus_tmb_mon_ushabti_great	0	812864031	0	wh2_dlc09_tmb_followers_of_nagash	true
wh2_dlc09_tmb_warsphinx_1	xereus_tmb_mon_khemrian_warsphinx	0	1420424290	0	wh2_dlc09_tmb_followers_of_nagash	true
wh2_dlc09_tmb_warsphinx_2	xereus_tmb_mon_khemrian_warsphinx	0	639176452	0	wh2_dlc09_tmb_followers_of_nagash	true
wh2_dlc09_tmb_infantry_1	xereus_tmb_inf_nehekhara_warriors	0	1721538550	0	wh2_dlc09_tmb_followers_of_nagash	true
wh2_dlc09_tmb_infantry_1	xereus_tmb_inf_skeleton_archers	0	737064229	0	wh2_dlc09_tmb_followers_of_nagash	true
wh2_dlc09_tmb_infantry_2	xereus_tmb_inf_skeleton_archers	0	1498053200	0	wh2_dlc09_tmb_followers_of_nagash	true
wh2_dlc09_tmb_infantry_2	xereus_tmb_inf_nehekhara_warriors	0	558905014	0	wh2_dlc09_tmb_followers_of_nagash	true
wh2_dlc09_tmb_infantry_3	xereus_tmb_inf_skeleton_archers	0	1848536591	0	wh2_dlc09_tmb_followers_of_nagash	true
wh2_dlc09_tmb_infantry_3	xereus_tmb_inf_nehekhara_warriors	0	2915609	0	wh2_dlc09_tmb_followers_of_nagash	true
wh2_dlc09_tmb_cavalry_1	xereus_tmb_cav_skeleton_horsemen_0	0	1437214561	0	wh2_dlc09_tmb_followers_of_nagash	true
wh2_dlc09_tmb_cavalry_1	xereus_tmb_cav_skeleton_horsemen_archers	0	755118753	0	wh2_dlc09_tmb_followers_of_nagash	true
wh2_dlc09_tmb_cavalry_2	xereus_tmb_cav_skeleton_horsemen_archers	0	1590903829	0	wh2_dlc09_tmb_followers_of_nagash	true
wh2_dlc09_tmb_cavalry_2	xereus_tmb_cav_nehekhara_horsemen	0	1800988900	0	wh2_dlc09_tmb_followers_of_nagash	true
wh2_dlc09_tmb_cavalry_2	xereus_tmb_cav_skeleton_horsemen_0	0	445790403	0	wh2_dlc09_tmb_followers_of_nagash	true
wh2_dlc09_tmb_cavalry_3	xereus_tmb_mon_sepulchral_stalkers	0	1223970513	0	wh2_dlc09_tmb_followers_of_nagash	true
wh2_dlc09_tmb_cavalry_3	xereus_tmb_cav_skeleton_horsemen_0	0	1316110390	0	wh2_dlc09_tmb_followers_of_nagash	true
wh2_dlc09_tmb_cavalry_3	xereus_tmb_cav_nehekhara_horsemen	0	1721645422	0	wh2_dlc09_tmb_followers_of_nagash	true
wh2_dlc09_tmb_cavalry_3	xereus_tmb_cav_necropolis_knights_1	0	436994165	0	wh2_dlc09_tmb_followers_of_nagash	true
wh2_dlc09_tmb_cavalry_3	xereus_tmb_cav_skeleton_horsemen_archers	0	792714688	0	wh2_dlc09_tmb_followers_of_nagash	true
wh2_dlc09_tmb_cavalry_4	xereus_tmb_cav_nehekhara_horsemen	0	101346798	0	wh2_dlc09_tmb_followers_of_nagash	true
wh2_dlc09_tmb_cavalry_4	xereus_tmb_cav_necropolis_knights_1	0	1176010659	0	wh2_dlc09_tmb_followers_of_nagash	true
wh2_dlc09_tmb_cavalry_4	xereus_tmb_cav_skeleton_horsemen_0	0	1708519937	0	wh2_dlc09_tmb_followers_of_nagash	true
wh2_dlc09_tmb_cavalry_4	xereus_tmb_cav_skeleton_horsemen_archers	0	2105202895	0	wh2_dlc09_tmb_followers_of_nagash	true
wh2_dlc09_tmb_cavalry_4	xereus_tmb_mon_sepulchral_stalkers	0	954270011	0	wh2_dlc09_tmb_followers_of_nagash	true
wh2_dlc09_tmb_cavalry_4	xereus_tmb_cav_necropolis_knights_2	0	993779216	0	wh2_dlc09_tmb_followers_of_nagash	true
wh2_dlc09_tmb_chariots_1	xereus_tmb_veh_skeleton_chariot_0	0	829852669	0	wh2_dlc09_tmb_followers_of_nagash	true
wh2_dlc09_tmb_chariots_2	xereus_tmb_veh_skeleton_chariot_0	0	1704621152	0	wh2_dlc09_tmb_followers_of_nagash	true
wh2_dlc09_tmb_chariots_2	xereus_tmb_veh_skeleton_archer_chariot_0	0	1889699733	0	wh2_dlc09_tmb_followers_of_nagash	true
wh2_dlc09_tmb_chariots_3	xereus_tmb_veh_skeleton_chariot_0	0	1607345974	0	wh2_dlc09_tmb_followers_of_nagash	true
wh2_dlc09_tmb_chariots_3	xereus_tmb_veh_skeleton_archer_chariot_0	0	326263980	0	wh2_dlc09_tmb_followers_of_nagash	true
wh2_dlc09_tmb_chariots_3	xereus_tmb_art_screaming_skull_catapult	0	501529282	0	wh2_dlc09_tmb_followers_of_nagash	true
wh2_dlc09_tmb_public_order_1	xereus_tmb_mon_carrion_0	0	1727671937	0	wh2_dlc09_tmb_followers_of_nagash	true
wh2_dlc09_tmb_public_order_2	xereus_tmb_mon_carrion_0	0	1315974608	0	wh2_dlc09_tmb_followers_of_nagash	true
wh2_dlc09_tmb_public_order_3	xereus_tmb_mon_carrion_0	0	764043665	0	wh2_dlc09_tmb_followers_of_nagash	true
