battle_animations_table	culture_pack
#culture_to_battle_animation_tables_tables;0;db/culture_to_battle_animation_tables_tables/atbe	
hu1_tomb_king_modified	wh2_dlc09_tmb_tomb_kings
hu1_arkhan_the_black	wh2_dlc09_tmb_tomb_kings
hu1_arkhan_steed	wh2_dlc09_tmb_tomb_kings
hu1_skeleton_archers	wh2_dlc09_tmb_tomb_kings
hu1_liche_priest	wh2_dlc09_tmb_tomb_kings
hu1_liche_priest_steed	wh2_dlc09_tmb_tomb_kings
hu1_master_liche	wh2_dlc09_tmb_tomb_kings
hu1_master_liche_steed	wh2_dlc09_tmb_tomb_kings
gi1_tainted_hierotitan_staff_and_scales	wh2_dlc09_tmb_tomb_kings
bc1_tainted_warsphinx	wh2_dlc09_tmb_tomb_kings
hu1_nehekhara_zombie	wh2_dlc09_tmb_tomb_kings
hu1_tomb_hr1_tomb_steed_sword	wh2_dlc09_tmb_tomb_kings
hr1_steed_nagash	wh2_dlc09_tmb_tomb_kings
hr1_tomb_steed_draught_nagash	wh2_dlc09_tmb_tomb_kings
dr1_dragon_zombie_nagash	wh2_dlc09_tmb_tomb_kings
hu1_graveguard_sword	wh2_dlc09_tmb_tomb_kings
hu1_graveguard_2handed	wh2_dlc09_tmb_tomb_kings
hu6e_ushabti_great_bow	wh2_dlc09_tmb_tomb_kings
hu6e_ushabti_dual_weapons	wh2_dlc09_tmb_tomb_kings
