node	tab
#technology_ui_tabs_to_technology_nodes_junctions_tables;0;db/technology_ui_tabs_to_technology_nodes_junctions_tables/atbe	
stephen_tech_arkhan_0	tmb_arkhan
stephen_tech_arkhan_1	tmb_arkhan
stephen_tech_arkhan_raise_dead_1	tmb_arkhan
stephen_tech_arkhan_raise_dead_2	tmb_arkhan
stephen_tech_arkhan_raise_dead_3	tmb_arkhan
stephen_tech_arkhan_raise_dead_4	tmb_arkhan
stephen_tech_arkhan_raise_dead_5	tmb_arkhan
stephen_tech_arkhan_raise_dead_6	tmb_arkhan
stephen_tech_arkhan_2	tmb_arkhan
stephen_tech_arkhan_3	tmb_arkhan
stephen_tech_arkhan_4	tmb_arkhan
stephen_tech_arkhan_ghouls_1	tmb_arkhan
stephen_tech_arkhan_ghouls_2	tmb_arkhan
stephen_tech_arkhan_bats_wolves_1	tmb_arkhan
stephen_tech_arkhan_bats_wolves_2	tmb_arkhan
stephen_tech_arkhan_ethereal_1	tmb_arkhan
stephen_tech_arkhan_ethereal_2	tmb_arkhan
stephen_tech_arkhan_grave_guard_1	tmb_arkhan
stephen_tech_arkhan_grave_guard_2	tmb_arkhan
stephen_tech_arkhan_terrors_1	tmb_arkhan
stephen_tech_arkhan_terrors_2	tmb_arkhan
stephen_tech_arkhan_morghasts_1	tmb_arkhan
stephen_tech_arkhan_morghasts_2	tmb_arkhan
stephen_tech_arkhan_mortis_engines_1	tmb_arkhan
stephen_tech_arkhan_mortis_engines_2	tmb_arkhan
stephen_tech_arkhan_final_1	tmb_arkhan
stephen_tech_arkhan_final_2	tmb_arkhan
stephen_tech_arkhan_unlock_1	tmb_arkhan
stephen_tech_arkhan_unlock_2	tmb_arkhan
stephen_tech_arkhan_unlock_3	tmb_arkhan
wh2_dlc09_tech_tmb_campaign_bonus_1_1	tmb_vanilla
wh2_dlc09_tech_tmb_campaign_bonus_1_2	tmb_vanilla
wh2_dlc09_tech_tmb_campaign_bonus_1_3	tmb_vanilla
wh2_dlc09_tech_tmb_campaign_bonus_2_1	tmb_vanilla
wh2_dlc09_tech_tmb_campaign_bonus_2_2	tmb_vanilla
wh2_dlc09_tech_tmb_campaign_bonus_2_3	tmb_vanilla
wh2_dlc09_tech_tmb_campaign_bonus_3_1	tmb_vanilla
wh2_dlc09_tech_tmb_campaign_bonus_3_2	tmb_vanilla
wh2_dlc09_tech_tmb_campaign_bonus_3_3	tmb_vanilla
wh2_dlc09_tech_tmb_campaign_bonus_4_1	tmb_vanilla
wh2_dlc09_tech_tmb_campaign_bonus_4_2	tmb_vanilla
wh2_dlc09_tech_tmb_campaign_bonus_4_3	tmb_vanilla
wh2_dlc09_tech_tmb_campaign_bonus_5_1	tmb_vanilla
wh2_dlc09_tech_tmb_campaign_bonus_5_2	tmb_vanilla
wh2_dlc09_tech_tmb_campaign_bonus_5_3	tmb_vanilla
wh2_dlc09_tech_tmb_campaign_bonus_6_1	tmb_vanilla
wh2_dlc09_tech_tmb_campaign_bonus_6_2	tmb_vanilla
wh2_dlc09_tech_tmb_campaign_bonus_6_3	tmb_vanilla
wh2_dlc09_tech_tmb_dynasty_1	tmb_vanilla
wh2_dlc09_tech_tmb_dynasty_2	tmb_vanilla
wh2_dlc09_tech_tmb_dynasty_3	tmb_vanilla
wh2_dlc09_tech_tmb_dynasty_4	tmb_vanilla
wh2_dlc09_tech_tmb_dynasty_5	tmb_vanilla
wh2_dlc09_tech_tmb_dynasty_6	tmb_vanilla
wh2_dlc09_tech_tmb_extra_army_1	tmb_vanilla
wh2_dlc09_tech_tmb_extra_army_2	tmb_vanilla
wh2_dlc09_tech_tmb_extra_army_3	tmb_vanilla
wh2_dlc09_tech_tmb_extra_army_4	tmb_vanilla
wh2_dlc09_tech_tmb_extra_army_5	tmb_vanilla
wh2_dlc09_tech_tmb_extra_army_6	tmb_vanilla
wh2_dlc09_tech_tmb_extra_army_7	tmb_vanilla
wh2_dlc09_tech_tmb_faction_target_1	tmb_vanilla
wh2_dlc09_tech_tmb_faction_target_2	tmb_vanilla
wh2_dlc09_tech_tmb_faction_target_3	tmb_vanilla
wh2_dlc09_tech_tmb_faction_target_4	tmb_vanilla
wh2_dlc09_tech_tmb_faction_target_5	tmb_vanilla
wh2_dlc09_tech_tmb_faction_target_6	tmb_vanilla
wh2_dlc09_tech_tmb_legions_of_legend	tmb_vanilla
wh2_dlc09_tech_tmb_liche_priest_1	tmb_vanilla
wh2_dlc09_tech_tmb_liche_priest_2	tmb_vanilla
wh2_dlc09_tech_tmb_liche_priest_3	tmb_vanilla
wh2_dlc09_tech_tmb_liche_priest_4	tmb_vanilla
wh2_dlc09_tech_tmb_liche_priest_5	tmb_vanilla
wh2_dlc09_tech_tmb_liche_priest_6	tmb_vanilla
wh2_dlc09_tech_tmb_necrotect_1	tmb_vanilla
wh2_dlc09_tech_tmb_necrotect_2	tmb_vanilla
wh2_dlc09_tech_tmb_necrotect_3	tmb_vanilla
wh2_dlc09_tech_tmb_necrotect_4	tmb_vanilla
wh2_dlc09_tech_tmb_necrotect_5	tmb_vanilla
wh2_dlc09_tech_tmb_necrotect_6	tmb_vanilla
wh2_dlc09_tech_tmb_tomb_king_1	tmb_vanilla
wh2_dlc09_tech_tmb_tomb_king_2	tmb_vanilla
wh2_dlc09_tech_tmb_tomb_king_3	tmb_vanilla
wh2_dlc09_tech_tmb_tomb_king_4	tmb_vanilla
wh2_dlc09_tech_tmb_tomb_king_5	tmb_vanilla
wh2_dlc09_tech_tmb_tomb_king_6	tmb_vanilla
wh2_dlc09_tech_tmb_tomb_prince_1	tmb_vanilla
wh2_dlc09_tech_tmb_tomb_prince_2	tmb_vanilla
wh2_dlc09_tech_tmb_tomb_prince_3	tmb_vanilla
wh2_dlc09_tech_tmb_tomb_prince_4	tmb_vanilla
wh2_dlc09_tech_tmb_tomb_prince_5	tmb_vanilla
wh2_dlc09_tech_tmb_tomb_prince_6	tmb_vanilla
wh3_main_tech_tmb_faction_child_1	tmb_vanilla
wh3_main_tech_tmb_faction_child_2	tmb_vanilla
wh3_main_tech_tmb_faction_child_3	tmb_vanilla
wh3_main_tech_tmb_faction_child_4	tmb_vanilla
wh3_main_tech_tmb_faction_child_5	tmb_vanilla
wh3_main_tech_tmb_faction_child_6	tmb_vanilla
wh3_main_tech_tmb_patronage_1	tmb_vanilla
wh3_main_tech_tmb_patronage_2	tmb_vanilla
wh3_main_tech_tmb_patronage_3	tmb_vanilla
wh3_main_tech_tmb_patronage_4	tmb_vanilla
wh3_main_tech_tmb_patronage_5	tmb_vanilla
wh3_main_tech_tmb_patronage_6	tmb_vanilla
