attach	riders_attachment_point	battle_personality	land_unit	engine_articulation_index	jettison_rider
#land_units_to_battle_personalities_junctions_tables;2;db/land_units_to_battle_personalities_junctions_tables/atbe					
autonomous_rider	ap_riderposition_0	xereus_tmb_strigoi_ghoul_king_rider	stephen_tmb_cha_strigoi_ghoul_king_2	-1	true
autonomous_rider	ap_crewposition_0	wh2_dlc09_tmb_chariot_rider_0	stephen_tmb_cha_high_liche_priest_death_3	-1	true
autonomous_rider	ap_crewposition_0	wh2_dlc09_tmb_chariot_rider_0	stephen_tmb_cha_high_liche_priest_undeath_3	-1	true
autonomous_rider	ap_crewposition_0	wh2_dlc09_tmb_chariot_rider_0	stephen_tmb_cha_high_liche_priest_nehekhara_3	-1	true
autonomous_rider	ap_crewposition_0	wh2_dlc09_tmb_chariot_rider_0	stephen_tmb_cha_high_liche_priest_light_3	-1	true
autonomous_rider	ap_crewposition_0	wh2_dlc09_tmb_chariot_rider_0	stephen_tmb_cha_tomb_king_3	-1	true
autonomous_rider	ap_crewposition_1	xereus_tmb_chariot_rider_1_king	stephen_tmb_cha_tomb_king_3	-1	true
autonomous_rider	ap_crewposition_2	xereus_tmb_warsphinx_rider_1	xereus_tmb_mon_khemrian_warsphinx	-1	true
autonomous_rider	ap_crewposition_3	xereus_tmb_warsphinx_rider_2	xereus_tmb_mon_khemrian_warsphinx	-1	true
autonomous_rider	ap_crewposition_4	xereus_tmb_warsphinx_rider_3	xereus_tmb_mon_khemrian_warsphinx	-1	true
officer	ap_crewposition_0	xereus_tmb_warsphinx_rider_tomb_king	stephen_tmb_cha_tomb_king_4	-1	true
autonomous_rider	ap_banshee_0	wh_dlc04_vmp_mortis_engine_banshee1_arkhan	xereus_tmb_veh_mortis_engine	-1	true
autonomous_rider	ap_banshee_1	wh_dlc04_vmp_mortis_engine_banshee2_arkhan	xereus_tmb_veh_mortis_engine	-1	true
autonomous_rider	ap_banshee_2	wh_dlc04_vmp_mortis_engine_banshee3_arkhan	xereus_tmb_veh_mortis_engine	-1	true
autonomous_rider	ap_cairn_wraith_0	wh_dlc04_vmp_mortis_engine_cairn_wraith1_arkhan	xereus_tmb_veh_mortis_engine	-1	true
autonomous_rider	ap_cairn_wraith_1	wh_dlc04_vmp_mortis_engine_cairn_wraith2_arkhan	xereus_tmb_veh_mortis_engine	-1	true
autonomous_rider	ap_draughtposition_0	wh_dlc04_vmp_mortis_engine_horse1_arkhan	xereus_tmb_veh_mortis_engine	-1	true
autonomous_rider	ap_draughtposition_1	wh_dlc04_vmp_mortis_engine_horse2_arkhan	xereus_tmb_veh_mortis_engine	-1	true
autonomous_rider	ap_draughtposition_2	wh_dlc04_vmp_mortis_engine_horse3_arkhan	xereus_tmb_veh_mortis_engine	-1	true
autonomous_rider	ap_riderposition_0	wh_dlc04_vmp_mortis_engine_knight01_arkhan	xereus_tmb_veh_mortis_engine	-1	true
autonomous_rider	ap_riderposition_1	wh_dlc04_vmp_mortis_engine_knight02_arkhan	xereus_tmb_veh_mortis_engine	-1	true
autonomous_rider	ap_riderposition_2	wh_dlc04_vmp_mortis_engine_knight03_arkhan	xereus_tmb_veh_mortis_engine	-1	true
autonomous_rider	ap_crewposition_0	wh_dlc04_vmp_mortis_engine_rider1_steve	xereus_tmb_veh_mortis_engine	-1	true
autonomous_rider	ap_skeleton_0	wh_dlc04_vmp_mortis_engine_skeleton1_arkhan	xereus_tmb_veh_mortis_engine	-1	true
autonomous_rider	ap_skeleton_1	wh_dlc04_vmp_mortis_engine_skeleton2_arkhan	xereus_tmb_veh_mortis_engine	-1	true
autonomous_rider	ap_skeleton_2	wh_dlc04_vmp_mortis_engine_skeleton3_arkhan	xereus_tmb_veh_mortis_engine	-1	true
autonomous_rider	ap_skeleton_3	wh_dlc04_vmp_mortis_engine_skeleton4_arkhan	xereus_tmb_veh_mortis_engine	-1	true
autonomous_rider	ap_skeleton_4	wh_dlc04_vmp_mortis_engine_skeleton5_arkhan	xereus_tmb_veh_mortis_engine	-1	true
autonomous_rider	ap_skeleton_5	wh_dlc04_vmp_mortis_engine_skeleton6_arkhan	xereus_tmb_veh_mortis_engine	-1	true
autonomous_rider	ap_crewposition_0	wh2_dlc09_tmb_chariot_rider_0	xereus_tmb_veh_skeleton_archer_chariot_0	-1	true
autonomous_rider	ap_crewposition_1	wh2_dlc09_tmb_chariot_rider_1_archer	xereus_tmb_veh_skeleton_archer_chariot_0	-1	true
autonomous_rider	ap_crewposition_0	wh2_dlc09_tmb_chariot_rider_0	xereus_tmb_veh_skeleton_chariot_0	-1	true
autonomous_rider	ap_crewposition_1	wh2_dlc09_tmb_chariot_rider_1	xereus_tmb_veh_skeleton_chariot_0	-1	true
autonomous_rider	ap_crewposition_0	wh2_dlc09_tmb_chariot_rider_0	stephen_tmb_cha_necrotect_2	-1	true
autonomous_rider	ap_crewposition_1	xereus_tmb_chariot_rider_1_necrotect	stephen_tmb_cha_necrotect_2	-1	true
autonomous_rider	ap_crewposition_0	wh2_dlc09_tmb_chariot_rider_0	stephen_tmb_cha_tomb_prince_3	-1	true
autonomous_rider	ap_crewposition_1	xereus_tmb_chariot_rider_1_prince	stephen_tmb_cha_tomb_prince_3	-1	true
autonomous_rider	ap_crewposition_0	wh2_dlc09_tmb_chariot_rider_0	stephen_tmb_cha_tomb_herald_skeleton_chariot	-1	true
autonomous_rider	ap_crewposition_1	xereus_tmb_chariot_rider_1_herald	stephen_tmb_cha_tomb_herald_skeleton_chariot	-1	true
autonomous_rider	ap_riderposition_0	xereius_cha_necrarch_lord	stephen_tmb_cha_necrarch_vampire_lord_4	-1	true
