order	phase	special_ability	target_self	target_friends	target_enemies
#special_ability_to_special_ability_phase_junctions_tables;2;db/special_ability_to_special_ability_phase_junctions_tables/atbe					
1	stephen_passive_unstable_ii	stephen_passive_unstable_ii	true	false	false
1	stephen_passive_unstable_i	stephen_passive_unstable_i	true	false	false
1	stephen_passive_construct_instability	stephen_passive_construct_instability	true	false	false
1	stephen_passive_construct_instability_ii	stephen_passive_construct_instability_ii	true	false	false
1	stephen_abilities_dark_reanimation	stephen_abilities_dark_reanimation	true	true	false
1	stephen_abilities_dark_reanimation_upgraded	stephen_abilities_dark_reanimation_upgraded	true	true	false
1	stephen_passive_realm_of_souls_tier_1	stephen_passive_realm_of_souls_tier_1	true	false	false
1	stephen_passive_realm_of_souls_tier_2	stephen_passive_realm_of_souls_tier_2	true	false	false
1	stephen_passive_realm_of_souls_tier_3	stephen_passive_realm_of_souls_tier_3	true	false	false
1	stephen_ability_eldritch_blast	stephen_ability_eldritch_blast	true	false	false
1	stephen_passive_phase_shift	stephen_passive_phase_shift	true	false	false
1	stephen_passive_mortarch	stephen_passive_mortarch	true	true	false
1	stephen_spell_bound_curse_of_years	stephen_spell_bound_curse_of_years	false	false	true
1	stephen_passive_the_ravenous_dead	stephen_passive_the_ravenous_dead	true	false	false
1	stephen_passive_attuned_to_magic	stephen_passive_attuned_to_magic	true	false	false
1	stephen_passive_spirit_conduit	stephen_passive_echoes_of_nagash	false	true	false
1	stephen_passive_haunting_gallop	stephen_passive_haunting_gallop	true	false	false
1	stephen_passive_ancient_desecrator	stephen_passive_ancient_desecrator	false	false	true
