key	unit_ability	unit_set
#unit_set_unit_ability_junctions_tables;0;db/unit_set_unit_ability_junctions_tables/atbe		
the_hunger_crypt_ghouls_crypt_horrors	wh2_dlc11_unit_passive_the_hunger	xereus_ghouls
wight_blades_all_ghosts	wh2_dlc17_unit_passive_wightblades	xereus_ghosts
arkhan_tier_1_enable	stephen_passive_realm_of_souls_tier_1	arkhan_realm_of_souls_enable
arkhan_tier_2_enable	stephen_passive_realm_of_souls_tier_2	arkhan_realm_of_souls_enable
arkhan_tier_3_enable	stephen_passive_realm_of_souls_tier_3	arkhan_realm_of_souls_enable
arkhan_tier_1_disable	wh2_dlc09_faction_passive_realm_of_souls_tier_1	arkhan_realm_of_souls_disable
arkhan_tier_2_disable	wh2_dlc09_faction_passive_realm_of_souls_tier_2	arkhan_realm_of_souls_disable
arkhan_tier_3_disable	wh2_dlc09_faction_passive_realm_of_souls_tier_3	arkhan_realm_of_souls_disable
arkhan_sand_i_enable	stephen_passive_unstable_i	arkhan_sand_enable
arkhan_sand_ii_enable	stephen_passive_unstable_ii	arkhan_sand_enable
arkhan_sand_i_disable	wh2_dlc09_unit_passive_unstable_sand	arkhan_sand_disable
arkhan_sand_ii_disable	wh2_dlc09_unit_passive_unstable_mark_ii_sand	arkhan_sand_disable
arkhan_crumbling_disable	wh_main_unit_passive_unstable	arkhan_vanilla_undead_disable
arkhan_disintigrating_disable	wh_main_unit_passive_unstable_mark_ii	arkhan_vanilla_undead_disable
disable_regeneration_crypt_ghouls	wh_main_unit_passive_regeneration	wh2_dlc09_tmb_inf_crypt_ghouls
disable_regeneration_crypt_horrors	wh_main_unit_passive_regeneration	wh2_dlc09_tmb_mon_crypt_horrors
horrible_regeneration_crypt_ghouls	wh2_dlc17_unit_passive_horrible_regeneration	wh2_dlc09_tmb_inf_crypt_ghouls
horrible_regeneration_crypt_horrors	wh2_dlc17_unit_passive_horrible_regeneration	wh2_dlc09_tmb_mon_crypt_horrors
