bullet_point	unit_key
#ui_unit_bullet_point_unit_overrides_tables;0;db/ui_unit_bullet_point_unit_overrides_tables/atbe	
meat_shield	xereus_tmb_inf_zombie
meat_shield	xereus_tmb_inf_zmb_summon
meat_shield	xereus_tmb_inf_zmb_summon_upgraded
anti_infantry	xereus_tmb_inf_stonewrath_guard
armour_piercing	xereus_tmb_inf_stonewrath_guard
armoured	xereus_tmb_inf_stonewrath_guard
armour_piercing	xereus_tmb_mon_crypt_horror
poison	xereus_tmb_mon_crypt_horror
regeneration	xereus_tmb_mon_crypt_horror
armour_piercing	xereus_tmb_inf_cairn_wraith
ethereal	xereus_tmb_inf_cairn_wraith
terror	xereus_tmb_inf_cairn_wraith
magic_harvester	xereus_tmb_veh_mortis_engine
magical_aura	xereus_tmb_veh_mortis_engine
mass_regeneration	xereus_tmb_veh_mortis_engine
terror	xereus_tmb_veh_mortis_engine
anti_infantry	xereus_tmb_inf_nagashizzar_guard
armour_piercing	xereus_tmb_inf_nagashizzar_guard
armoured	xereus_tmb_inf_nagashizzar_guard
defender	xereus_tmb_inf_nagashizzar_guard
anti_large	xereus_tmb_inf_skeleton_spearmen
meat_shield	xereus_tmb_inf_skeleton_spearmen
shielded	xereus_tmb_inf_skeleton_spearmen
meat_shield	xereus_tmb_inf_skeleton_warriors
shielded	xereus_tmb_inf_skeleton_warriors
good_range	xereus_tmb_inf_skeleton_archers
armour_piercing	xereus_tmb_mon_zombie_dragon
armoured	xereus_tmb_mon_zombie_dragon
scaly_skin	xereus_tmb_mon_zombie_dragon
anti_infantry	xereus_tmb_mon_ushabti
armour_piercing	xereus_tmb_mon_ushabti
armoured	xereus_tmb_mon_ushabti
armour_piercing	xereus_tmb_mon_ushabti_great
armour_piercing_ranged	xereus_tmb_mon_ushabti_great
armoured	xereus_tmb_mon_ushabti_great
armour_piercing_ranged	xereus_tmb_mon_bone_giant
armoured	xereus_tmb_mon_bone_giant
terror	xereus_tmb_mon_bone_giant
anti_infantry	xereus_tmb_inf_tomb_guard
armoured_and_shielded	xereus_tmb_inf_tomb_guard
anti_large	xereus_tmb_inf_tomb_guard_halberd
armoured_and_shielded	xereus_tmb_inf_tomb_guard_halberd
charge_reflector_vs_large	xereus_tmb_inf_tomb_guard_halberd
anti_infantry	xereus_tmb_art_screaming_skull_catapult
armour_piercing_ranged	xereus_tmb_art_screaming_skull_catapult
spellcaster	stephen_tmb_cha_liche_priest_death_1
spellcaster	stephen_tmb_cha_liche_priest_death_2
spellcaster	stephen_tmb_cha_liche_priest_undeath_1
spellcaster	stephen_tmb_cha_liche_priest_undeath_2
spellcaster	stephen_tmb_cha_liche_priest_light_1
spellcaster	stephen_tmb_cha_liche_priest_light_2
spellcaster	stephen_tmb_cha_liche_priest_nehekhara_1
spellcaster	stephen_tmb_cha_liche_priest_nehekhara_2
spellcaster	stephen_tmb_cha_liche_priest_shadow_1
spellcaster	stephen_tmb_cha_liche_priest_shadow_2
armoured_and_shielded	stephen_tmb_cha_tomb_king_1
melee_expert	stephen_tmb_cha_tomb_king_1
anti_infantry	stephen_tmb_cha_tomb_king_2
armoured_and_shielded	stephen_tmb_cha_tomb_king_2
melee_expert	stephen_tmb_cha_tomb_king_2
anti_infantry	stephen_tmb_cha_tomb_king_3
armoured	stephen_tmb_cha_tomb_king_3
melee_expert	stephen_tmb_cha_tomb_king_3
anti_infantry	stephen_tmb_cha_tomb_king_4
armoured	stephen_tmb_cha_tomb_king_4
melee_expert	stephen_tmb_cha_tomb_king_4
terror	stephen_tmb_cha_tomb_king_4
anti_infantry	xereus_tmb_mon_tomb_scorpion
armour_piercing	xereus_tmb_mon_tomb_scorpion
armoured	xereus_tmb_mon_tomb_scorpion
terror	xereus_tmb_mon_tomb_scorpion
anti_infantry	xereus_tmb_inf_nehekhara_warriors
damage_dealer	xereus_tmb_inf_nehekhara_warriors
armour_piercing	xereus_tmb_mon_heirotitan
armoured	xereus_tmb_mon_heirotitan
spellcaster	xereus_tmb_mon_heirotitan
terror	xereus_tmb_mon_heirotitan
anti_large	xereus_tmb_mon_necrosphinx
armour_piercing	xereus_tmb_mon_necrosphinx
armoured	xereus_tmb_mon_necrosphinx
terror	xereus_tmb_mon_necrosphinx
armour_piercing	xereus_tmb_cav_necropolis_knights_1
armoured_and_shielded	xereus_tmb_cav_necropolis_knights_1
poison	xereus_tmb_cav_necropolis_knights_1
anti_large	xereus_tmb_cav_necropolis_knights_2
armour_piercing	xereus_tmb_cav_necropolis_knights_2
armoured	xereus_tmb_cav_necropolis_knights_2
poison	xereus_tmb_cav_necropolis_knights_2
duellist	stephen_tmb_cha_lahmian_vampire_lord_1
poison	stephen_tmb_cha_lahmian_vampire_lord_1
regeneration	stephen_tmb_cha_necrarch_vampire_lord_1
spellcaster	stephen_tmb_cha_necrarch_vampire_lord_1
magical_aura	stephen_tmb_cha_necrarch_vampire_lord_2
regeneration	stephen_tmb_cha_necrarch_vampire_lord_2
spellcaster	stephen_tmb_cha_necrarch_vampire_lord_2
magical_aura	stephen_tmb_cha_necrarch_vampire_lord_3
regeneration	stephen_tmb_cha_necrarch_vampire_lord_3
spellcaster	stephen_tmb_cha_necrarch_vampire_lord_3
spellcaster	stephen_tmb_cha_necrarch_vampire_lord_4
magical_aura	stephen_tmb_cha_necrarch_vampire_lord_4
regeneration	stephen_tmb_cha_necrarch_vampire_lord_4
spellcaster	stephen_tmb_cha_high_liche_priest_death_1
spellcaster	stephen_tmb_cha_high_liche_priest_death_2
anti_infantry	stephen_tmb_cha_high_liche_priest_death_3
armoured	stephen_tmb_cha_high_liche_priest_death_3
spellcaster	stephen_tmb_cha_high_liche_priest_death_3
spellcaster	stephen_tmb_cha_high_liche_priest_undeath_1
spellcaster	stephen_tmb_cha_high_liche_priest_undeath_2
anti_infantry	stephen_tmb_cha_high_liche_priest_undeath_3
armoured	stephen_tmb_cha_high_liche_priest_undeath_3
spellcaster	stephen_tmb_cha_high_liche_priest_undeath_3
spellcaster	stephen_tmb_cha_high_liche_priest_nehekhara_1
spellcaster	stephen_tmb_cha_high_liche_priest_nehekhara_2
anti_infantry	stephen_tmb_cha_high_liche_priest_nehekhara_3
armoured	stephen_tmb_cha_high_liche_priest_nehekhara_3
spellcaster	stephen_tmb_cha_high_liche_priest_nehekhara_3
vanguard_deployment	xereus_tmb_cav_skeleton_horsemen_archers
very_fast	xereus_tmb_cav_skeleton_horsemen_archers
anti_infantry	xereus_tmb_mon_khemrian_warsphinx
armour_piercing	xereus_tmb_mon_khemrian_warsphinx
armoured	xereus_tmb_mon_khemrian_warsphinx
terror	xereus_tmb_mon_khemrian_warsphinx
anti_large	xereus_tmb_mon_sepulchral_stalkers
armour_piercing	xereus_tmb_mon_sepulchral_stalkers
armoured	xereus_tmb_mon_sepulchral_stalkers
vanguard_deployment	xereus_tmb_mon_sepulchral_stalkers
anti_infantry	xereus_tmb_cav_nehekhara_horsemen
shielded	xereus_tmb_cav_nehekhara_horsemen
anti_infantry	xereus_tmb_veh_skeleton_archer_chariot_0
anti_infantry	xereus_tmb_veh_skeleton_chariot_0
vanguard_deployment	xereus_tmb_mon_carrion_0
very_fast	xereus_tmb_mon_carrion_0
anti_infantry	stephen_tmb_cha_necrotect_1
anti_infantry	stephen_tmb_cha_necrotect_2
armoured	stephen_tmb_cha_necrotect_2
anti_large	stephen_tmb_cha_tomb_prince_1
armour_piercing	stephen_tmb_cha_tomb_prince_1
armoured_and_shielded	stephen_tmb_cha_tomb_prince_1
melee_expert	stephen_tmb_cha_tomb_prince_1
anti_large	stephen_tmb_cha_tomb_prince_2
armour_piercing	stephen_tmb_cha_tomb_prince_2
armoured_and_shielded	stephen_tmb_cha_tomb_prince_2
melee_expert	stephen_tmb_cha_tomb_prince_2
anti_infantry	stephen_tmb_cha_tomb_prince_3
armoured	stephen_tmb_cha_tomb_prince_3
melee_expert	stephen_tmb_cha_tomb_prince_3
shielded	xereus_tmb_cav_skeleton_horsemen_0
vanguard_deployment	xereus_tmb_cav_skeleton_horsemen_0
very_fast	xereus_tmb_cav_skeleton_horsemen_0
spellcaster	stephen_tmb_cha_high_liche_priest_light_1
spellcaster	stephen_tmb_cha_high_liche_priest_light_2
anti_infantry	stephen_tmb_cha_high_liche_priest_light_3
armoured	stephen_tmb_cha_high_liche_priest_light_3
spellcaster	stephen_tmb_cha_high_liche_priest_light_3
armour_piercing	stephen_tmb_cha_strigoi_ghoul_king_1
poison	stephen_tmb_cha_strigoi_ghoul_king_1
spellcaster	stephen_tmb_cha_strigoi_ghoul_king_1
anti_large	stephen_tmb_cha_strigoi_ghoul_king_2
armour_piercing	stephen_tmb_cha_strigoi_ghoul_king_2
poison	stephen_tmb_cha_strigoi_ghoul_king_2
spellcaster	stephen_tmb_cha_strigoi_ghoul_king_2
terror	stephen_tmb_cha_strigoi_ghoul_king_2
anti_infantry	xereus_tmb_inf_grave_guard
armour_piercing	xereus_tmb_inf_grave_guard
anti_infantry	xereus_tmb_inf_grave_guard_great
armour_piercing	xereus_tmb_inf_grave_guard_great
armoured	xereus_tmb_inf_grave_guard_great
meat_shield	xereus_tmb_inf_zombie_shamblers
armour_piercing	xereus_tmb_inf_zombie_shamblers
charmed_attacks	xereus_tmb_inf_zombie_shamblers
damage_dealer	xereus_tmb_inf_blackened_claws
stalk	xereus_tmb_inf_blackened_claws
frenzy	xereus_tmb_inf_blackened_claws
armour_piercing	xereus_tmb_cav_shifting_shades
ethereal	xereus_tmb_cav_shifting_shades
terror	xereus_tmb_cav_shifting_shades
vanguard_deployment	xereus_tmb_cav_shifting_shades
anti_large	xereus_tmb_mon_terrorgheist
armour_piercing	xereus_tmb_mon_terrorgheist
armoured	xereus_tmb_mon_terrorgheist
terror	xereus_tmb_mon_terrorgheist
armoured	stephen_tmb_cha_lahmian_vampire_lord_1
dodge	stephen_tmb_cha_lahmian_vampire_lord_1
spellcaster	stephen_tmb_cha_lahmian_vampire_lord_1
armoured	stephen_tmb_cha_lahmian_vampire_lord_2
dodge	stephen_tmb_cha_lahmian_vampire_lord_2
spellcaster	stephen_tmb_cha_lahmian_vampire_lord_2
armoured	stephen_tmb_cha_lahmian_vampire_lord_3
dodge	stephen_tmb_cha_lahmian_vampire_lord_3
spellcaster	stephen_tmb_cha_lahmian_vampire_lord_3
very_fast	stephen_tmb_cha_lahmian_vampire_lord_3
armour_piercing	stephen_tmb_cha_lahmian_vampire_lord_4
armoured	stephen_tmb_cha_lahmian_vampire_lord_4
scaly_skin	stephen_tmb_cha_lahmian_vampire_lord_4
spellcaster	stephen_tmb_cha_lahmian_vampire_lord_4
dodge	stephen_tmb_cha_lahmian_vampire_lord_coven_throne
magical_aura	stephen_tmb_cha_lahmian_vampire_lord_coven_throne
spellcaster	stephen_tmb_cha_lahmian_vampire_lord_coven_throne
armour_piercing	xereus_tmb_mon_khemric_titan
armoured	xereus_tmb_mon_khemric_titan
terror	xereus_tmb_mon_khemric_titan
decent_melee	stephen_tmb_cha_tomb_herald_skeletal_steed
support	stephen_tmb_cha_tomb_herald_skeletal_steed
anti_infantry	stephen_tmb_cha_tomb_herald_skeleton_chariot
decent_melee	stephen_tmb_cha_tomb_herald_skeleton_chariot
decent_melee	stephen_tmb_cha_tomb_herald
support	stephen_tmb_cha_tomb_herald
