campaign_key	faction_key	image_path	level	skill_key	subculture_key	unlocked_at_rank
#character_skill_level_details_tables;1;db/character_skill_level_details_tables/atbe						
		x	1	stephen_skill_eternal_veil		9
		x	1	stephen_skill_rise_of_nagash_skilldump		19
		x	1	stephen_skill_liche_priest_unique_1		9
		x	1	stephen_skill_liche_priest_death_mount_steed		6
		x	1	stephen_skill_liche_priest_shadow_mount_steed		0
		x	1	stephen_skill_liche_priest_undeath_mount_steed		6
		x	1	stephen_skill_liche_priest_light_mount_steed		6
		x	1	stephen_skill_liche_priest_nehekhara_mount_steed		6
		x	1	stephen_skill_strigoi_ghoul_king_mount_terrorgheist		19
		x	1	stephen_skill_arkhan_mount_dread_abyssal		17
		x	1	stephen_skill_tomb_king_mount_steed		3
		x	1	stephen_skill_tomb_king_mount_chariot		9
		x	1	stephen_skill_tomb_king_mount_warsphinx		13
		x	1	stephen_skill_tomb_prince_mount_steed		3
		x	1	stephen_skill_tomb_prince_mount_chariot		9
		x	1	stephen_skill_necrotect_mount_chariot		9
		x	1	stephen_skill_master_liche_death_mount_steed		3
		x	1	stephen_skill_master_liche_death_mount_chariot		9
		x	1	stephen_skill_master_liche_nehekhara_mount_steed		3
		x	1	stephen_skill_master_liche_nehekhara_mount_chariot		9
		x	1	stephen_skill_master_liche_light_mount_steed		3
		x	1	stephen_skill_master_liche_light_mount_chariot		9
		x	1	stephen_skill_master_liche_shadow_mount_steed		3
		x	1	stephen_skill_master_liche_shadow_mount_chariot		9
		x	1	stephen_skill_necrarch_mount_steed		3
		x	1	stephen_skill_necrarch_mount_hellsteed		9
		x	1	stephen_skill_necrarch_mount_zombie_dragon		17
		x	1	stephen_skill_tmb_nagash_blessing_0_arkhan		9
		x	1	wh2_dlc09_skill_tmb_arkhan_unique_0_new		9
		x	2	stephen_skill_bloodline_necrarch_unique_5		5
		x	1	stephen_skill_lahmian_mount_necroserpent		13
		x	1	stephen_skill_tomb_herald_skeletal_steed		3
		x	1	stephen_skill_tomb_herald_skeleton_chariot		9
		x	1	stephen_skilll_mount_lahmian_steed		0
		x	1	stephen_skill_mount_lahmian_hellsteed		0
		x	1	stephen_skill_mount_lahmian_zombie_dragon		0
		x	1	stephen_skill_mount_lahmian_coven_throne		0
		x	1	stephen_bloodline_strigoi_unique_ghoul_king_of_ushoran		0
		x	1	stephen_bloodline_strigoi_unique_bestial_monstrosity		0
		x	1	stephen_bloodline_strigoi_unique_grave_eaters		0
		x	1	stephen_bloodline_strigoi_unique_claws_of_mourkain		0
		x	1	stephen_bloodline_strigoi_unique_curse_of_vorag		0
		x	1	stephen_bloodline_strigoi_unique_infinite_hatred		0
		x	1	stephen_necrarch_lord_special_arcane_leech		0
		x	1	stephen_necrarch_lord_special_dark_protection		0
		x	1	stephen_necrarch_lord_special_the_awakening		0
		x	1	stephen_necrarch_lord_special_hellish_vigour		0
		x	1	stephen_bloodline_necrarch_unique_grave_sentinels		0
		x	1	stephen_bloodline_necrarch_unique_nehekharas_noble_blood		0
		x	1	stephen_skill_lahmian_unique_queen_bee		0
		x	1	stephen_skill_lahmian_vampire_first_to_the_kill		0
		x	1	stephen_skill_bloodline_bewilderment		0
		x	1	stephen_skill_lahmian_unique_innocence_lost		0
		x	1	stephen_skill_lahmian_vampire_bound_servitude		0
		x	1	stephen_skill_lahmian_vampire_mist_form		0
