character_skill	character_skill_node	level
#character_skill_nodes_skill_locks_tables;0;db/character_skill_nodes_skill_locks_tables/atbe		
wh2_dlc09_skill_tmb_god_blessing_0	stephen_skill_node_eternal_veil	1
wh2_dlc09_skill_tmb_god_blessing_1	stephen_skill_node_eternal_veil	1
wh2_dlc09_skill_tmb_god_blessing_2	stephen_skill_node_eternal_veil	1
wh2_dlc09_skill_tmb_god_blessing_3	stephen_skill_node_eternal_veil	1
stephen_skill_eternal_veil	wh2_dlc09_skill_tmb_tomb_king_god_blessing_0	1
stephen_skill_eternal_veil	wh2_dlc09_skill_tmb_tomb_king_god_blessing_1	1
stephen_skill_eternal_veil	wh2_dlc09_skill_tmb_tomb_king_god_blessing_2	1
stephen_skill_eternal_veil	wh2_dlc09_skill_tmb_tomb_king_god_blessing_3	1
