effect	icon	priority	icon_negative	category	is_positive_value_good
#effects_tables;0;db/effects_tables/atbe_abilities					
stephen_effect_ability_number_uses_raise_dead_strigoi	magic_cooldown.png	293	magic_cooldown.png	both	true
stephen_effect_army_ability_enable_purple_sun_xereus	general_ability.png	301	general_ability.png	battle	true
stephen_effect_ability_disable_dark_reanimation	general_ability.png	605	general_ability.png	battle	true
stephen_effect_ability_enable_dark_reanimation	general_ability.png	600	general_ability.png	battle	true
stephen_effect_ability_enable_dark_reanimation_upgraded	general_ability.png	600	general_ability.png	battle	true
stephen_effect_ability_enable_eldritch_blast	general_ability.png	310	general_ability.png	battle	false
stephen_effect_ability_enable_gaze_of_nagash	magic_character.png	290	magic_character.png	battle	true
stephen_effect_ability_overcast_gaze_of_nagash	magic_character.png	292	magic_character.png	both	true
stephen_effect_ability_cooldown_gaze_of_nagash	magic_cooldown.png	293	magic_cooldown.png	both	false
stephen_effect_ability_miscast_gaze_of_nagash_upgraded	magic.png	298	magic.png	both	false
stephen_effect_ability_wom_cost_gaze_of_nagash	magic_character.png	294	magic_character.png	both	false
stephen_effect_ability_wom_cost_gaze_of_nagash_upgraded	magic_character.png	295	magic_character.png	both	false
stephen_effect_ability_raise_dead_enable	magic_character.png	292	magic_character.png	both	true
stephen_ability_overcast_raise_dead	magic_character.png	292	magic_character.png	both	true
stephen_ability_cooldown_raise_dead	magic_cooldown.png	293	magic_cooldown.png	both	false
stephen_ability_miscast_raise_dead_upgraded	magic.png	298	magic.png	both	false
stephen_ability_uses_raise_dead	magic_character.png	295	magic_character.png	battle	true
stephen_effect_ability_wom_cost_raise_dead	magic_character.png	294	magic_character.png	both	false
stephen_effect_ability_wom_cost_raise_dead_upgraded	magic_character.png	295	magic_character.png	both	false
stephen_effect_ability_curse_of_years_enable	general_ability.png	600	general_ability.png	battle	true
