child_key	initial_descent_tiers	parent_key	parent_link_position	child_link_position	parent_link_position_offset	child_link_position_offset	link_type
#character_skill_node_links_tables;3;db/character_skill_node_links_tables/atbe							
stephen_skill_node_lahmian_magic_02	0	stephen_skill_node_lahmian_magic_01	1	1	0.0	0.0	REQUIRED
stephen_skill_node_lahmian_magic_03	0	stephen_skill_node_lahmian_magic_01	1	1	0.0	0.0	REQUIRED
stephen_skill_node_lahmian_magic_04	0	stephen_skill_node_lahmian_magic_01	1	1	0.0	0.0	REQUIRED
stephen_skill_node_lahmian_magic_05	0	stephen_skill_node_lahmian_magic_01	1	1	0.0	0.0	REQUIRED
stephen_skill_node_lahmian_magic_06	0	stephen_skill_node_lahmian_magic_02	1	1	0.0	0.0	SUBSET_REQUIRED
stephen_skill_node_lahmian_magic_06	0	stephen_skill_node_lahmian_magic_03	1	1	0.0	0.0	SUBSET_REQUIRED
stephen_skill_node_lahmian_magic_06	0	stephen_skill_node_lahmian_magic_04	1	1	0.0	0.0	SUBSET_REQUIRED
stephen_skill_node_lahmian_magic_06	0	stephen_skill_node_lahmian_magic_05	1	1	0.0	0.0	SUBSET_REQUIRED
stephen_skill_node_lahmian_magic_07	0	stephen_skill_node_lahmian_magic_06	1	1	0.0	0.0	REQUIRED
stephen_skill_node_lahmian_magic_08	0	stephen_skill_node_lahmian_magic_06	1	1	0.0	0.0	REQUIRED
stephen_skill_node_lahmian_magic_09	0	stephen_skill_node_lahmian_magic_06	1	1	0.0	0.0	REQUIRED
stephen_skill_node_lahmian_magic_10	0	stephen_skill_node_lahmian_magic_06	1	1	0.0	0.0	REQUIRED
stephen_skill_node_lahmian_magic_11	0	stephen_skill_node_lahmian_magic_07	1	1	0.0	0.0	SUBSET_REQUIRED
stephen_skill_node_lahmian_magic_11	0	stephen_skill_node_lahmian_magic_08	1	1	0.0	0.0	SUBSET_REQUIRED
stephen_skill_node_lahmian_magic_11	0	stephen_skill_node_lahmian_magic_09	1	1	0.0	0.0	SUBSET_REQUIRED
stephen_skill_node_lahmian_magic_11	0	stephen_skill_node_lahmian_magic_10	1	1	0.0	0.0	SUBSET_REQUIRED
stephen_skill_node_necrarch_magic_02	0	stephen_skill_node_necrarch_magic_01	1	1	0.0	0.0	REQUIRED
stephen_skill_node_necrarch_magic_03	0	stephen_skill_node_necrarch_magic_01	1	1	0.0	0.0	REQUIRED
stephen_skill_node_necrarch_magic_04	0	stephen_skill_node_necrarch_magic_01	1	1	0.0	0.0	REQUIRED
stephen_skill_node_necrarch_magic_05	0	stephen_skill_node_necrarch_magic_01	1	1	0.0	0.0	REQUIRED
stephen_skill_node_necrarch_magic_06	0	stephen_skill_node_necrarch_magic_02	1	1	0.0	0.0	SUBSET_REQUIRED
stephen_skill_node_necrarch_magic_06	0	stephen_skill_node_necrarch_magic_03	1	1	0.0	0.0	SUBSET_REQUIRED
stephen_skill_node_necrarch_magic_06	0	stephen_skill_node_necrarch_magic_04	1	1	0.0	0.0	SUBSET_REQUIRED
stephen_skill_node_necrarch_magic_06	0	stephen_skill_node_necrarch_magic_05	1	1	0.0	0.0	SUBSET_REQUIRED
stephen_skill_node_necrarch_magic_07	0	stephen_skill_node_necrarch_magic_06	1	1	0.0	0.0	REQUIRED
stephen_skill_node_necrarch_magic_08	0	stephen_skill_node_necrarch_magic_06	1	1	0.0	0.0	REQUIRED
stephen_skill_node_necrarch_magic_09	0	stephen_skill_node_necrarch_magic_06	1	1	0.0	0.0	REQUIRED
stephen_skill_node_necrarch_magic_10	0	stephen_skill_node_necrarch_magic_06	1	1	0.0	0.0	REQUIRED
stephen_skill_node_necrarch_magic_11	0	stephen_skill_node_necrarch_magic_07	1	1	0.0	0.0	SUBSET_REQUIRED
stephen_skill_node_necrarch_magic_11	0	stephen_skill_node_necrarch_magic_08	1	1	0.0	0.0	SUBSET_REQUIRED
stephen_skill_node_necrarch_magic_11	0	stephen_skill_node_necrarch_magic_09	1	1	0.0	0.0	SUBSET_REQUIRED
stephen_skill_node_necrarch_magic_11	0	stephen_skill_node_necrarch_magic_10	1	1	0.0	0.0	SUBSET_REQUIRED
stephen_skill_node_master_liche_undeath_magic_02	0	stephen_skill_node_master_liche_undeath_magic_01	1	1	0.0	0.0	REQUIRED
stephen_skill_node_master_liche_undeath_magic_03	0	stephen_skill_node_master_liche_undeath_magic_01	1	1	0.0	0.0	REQUIRED
stephen_skill_node_master_liche_undeath_magic_04	0	stephen_skill_node_master_liche_undeath_magic_01	1	1	0.0	0.0	REQUIRED
stephen_skill_node_master_liche_undeath_magic_05	0	stephen_skill_node_master_liche_undeath_magic_01	1	1	0.0	0.0	REQUIRED
stephen_skill_node_master_liche_undeath_magic_06	0	stephen_skill_node_master_liche_undeath_magic_02	1	1	0.0	0.0	SUBSET_REQUIRED
stephen_skill_node_master_liche_undeath_magic_06	0	stephen_skill_node_master_liche_undeath_magic_03	1	1	0.0	0.0	SUBSET_REQUIRED
stephen_skill_node_master_liche_undeath_magic_06	0	stephen_skill_node_master_liche_undeath_magic_04	1	1	0.0	0.0	SUBSET_REQUIRED
stephen_skill_node_master_liche_undeath_magic_06	0	stephen_skill_node_master_liche_undeath_magic_05	1	1	0.0	0.0	SUBSET_REQUIRED
stephen_skill_node_master_liche_undeath_magic_07	0	stephen_skill_node_master_liche_undeath_magic_06	1	1	0.0	0.0	REQUIRED
stephen_skill_node_master_liche_undeath_magic_08	0	stephen_skill_node_master_liche_undeath_magic_06	1	1	0.0	0.0	REQUIRED
stephen_skill_node_master_liche_undeath_magic_09	0	stephen_skill_node_master_liche_undeath_magic_06	1	1	0.0	0.0	REQUIRED
stephen_skill_node_master_liche_undeath_magic_10	0	stephen_skill_node_master_liche_undeath_magic_06	1	1	0.0	0.0	REQUIRED
stephen_skill_node_master_liche_undeath_magic_11	0	stephen_skill_node_master_liche_undeath_magic_07	1	1	0.0	0.0	SUBSET_REQUIRED
stephen_skill_node_master_liche_undeath_magic_11	0	stephen_skill_node_master_liche_undeath_magic_08	1	1	0.0	0.0	SUBSET_REQUIRED
stephen_skill_node_master_liche_undeath_magic_11	0	stephen_skill_node_master_liche_undeath_magic_09	1	1	0.0	0.0	SUBSET_REQUIRED
stephen_skill_node_master_liche_undeath_magic_11	0	stephen_skill_node_master_liche_undeath_magic_10	1	1	0.0	0.0	SUBSET_REQUIRED
stephen_skill_node_master_liche_death_magic_02	0	stephen_skill_node_master_liche_death_magic_01	1	1	0.0	0.0	REQUIRED
stephen_skill_node_master_liche_death_magic_03	0	stephen_skill_node_master_liche_death_magic_01	1	1	0.0	0.0	REQUIRED
stephen_skill_node_master_liche_death_magic_04	0	stephen_skill_node_master_liche_death_magic_01	1	1	0.0	0.0	REQUIRED
stephen_skill_node_master_liche_death_magic_05	0	stephen_skill_node_master_liche_death_magic_01	1	1	0.0	0.0	REQUIRED
stephen_skill_node_master_liche_death_magic_06	0	stephen_skill_node_master_liche_death_magic_02	1	1	0.0	0.0	SUBSET_REQUIRED
stephen_skill_node_master_liche_death_magic_06	0	stephen_skill_node_master_liche_death_magic_03	1	1	0.0	0.0	SUBSET_REQUIRED
stephen_skill_node_master_liche_death_magic_06	0	stephen_skill_node_master_liche_death_magic_04	1	1	0.0	0.0	SUBSET_REQUIRED
stephen_skill_node_master_liche_death_magic_06	0	stephen_skill_node_master_liche_death_magic_05	1	1	0.0	0.0	SUBSET_REQUIRED
stephen_skill_node_master_liche_death_magic_07	0	stephen_skill_node_master_liche_death_magic_06	1	1	0.0	0.0	REQUIRED
stephen_skill_node_master_liche_death_magic_08	0	stephen_skill_node_master_liche_death_magic_06	1	1	0.0	0.0	REQUIRED
stephen_skill_node_master_liche_death_magic_09	0	stephen_skill_node_master_liche_death_magic_06	1	1	0.0	0.0	REQUIRED
stephen_skill_node_master_liche_death_magic_10	0	stephen_skill_node_master_liche_death_magic_06	1	1	0.0	0.0	REQUIRED
stephen_skill_node_master_liche_death_magic_11	0	stephen_skill_node_master_liche_death_magic_07	1	1	0.0	0.0	SUBSET_REQUIRED
stephen_skill_node_master_liche_death_magic_11	0	stephen_skill_node_master_liche_death_magic_08	1	1	0.0	0.0	SUBSET_REQUIRED
stephen_skill_node_master_liche_death_magic_11	0	stephen_skill_node_master_liche_death_magic_09	1	1	0.0	0.0	SUBSET_REQUIRED
stephen_skill_node_master_liche_death_magic_11	0	stephen_skill_node_master_liche_death_magic_10	1	1	0.0	0.0	SUBSET_REQUIRED
stephen_skill_node_master_liche_nehekhara_magic_02	0	stephen_skill_node_master_liche_nehekhara_magic_01	1	1	0.0	0.0	REQUIRED
stephen_skill_node_master_liche_nehekhara_magic_03	0	stephen_skill_node_master_liche_nehekhara_magic_01	1	1	0.0	0.0	REQUIRED
stephen_skill_node_master_liche_nehekhara_magic_04	0	stephen_skill_node_master_liche_nehekhara_magic_01	1	1	0.0	0.0	REQUIRED
stephen_skill_node_master_liche_nehekhara_magic_05	0	stephen_skill_node_master_liche_nehekhara_magic_01	1	1	0.0	0.0	REQUIRED
stephen_skill_node_master_liche_nehekhara_magic_06	0	stephen_skill_node_master_liche_nehekhara_magic_02	1	1	0.0	0.0	SUBSET_REQUIRED
stephen_skill_node_master_liche_nehekhara_magic_06	0	stephen_skill_node_master_liche_nehekhara_magic_03	1	1	0.0	0.0	SUBSET_REQUIRED
stephen_skill_node_master_liche_nehekhara_magic_06	0	stephen_skill_node_master_liche_nehekhara_magic_04	1	1	0.0	0.0	SUBSET_REQUIRED
stephen_skill_node_master_liche_nehekhara_magic_06	0	stephen_skill_node_master_liche_nehekhara_magic_05	1	1	0.0	0.0	SUBSET_REQUIRED
stephen_skill_node_master_liche_nehekhara_magic_07	0	stephen_skill_node_master_liche_nehekhara_magic_06	1	1	0.0	0.0	REQUIRED
stephen_skill_node_master_liche_nehekhara_magic_08	0	stephen_skill_node_master_liche_nehekhara_magic_06	1	1	0.0	0.0	REQUIRED
stephen_skill_node_master_liche_nehekhara_magic_09	0	stephen_skill_node_master_liche_nehekhara_magic_06	1	1	0.0	0.0	REQUIRED
stephen_skill_node_master_liche_nehekhara_magic_10	0	stephen_skill_node_master_liche_nehekhara_magic_06	1	1	0.0	0.0	REQUIRED
stephen_skill_node_master_liche_nehekhara_magic_11	0	stephen_skill_node_master_liche_nehekhara_magic_07	1	1	0.0	0.0	SUBSET_REQUIRED
stephen_skill_node_master_liche_nehekhara_magic_11	0	stephen_skill_node_master_liche_nehekhara_magic_08	1	1	0.0	0.0	SUBSET_REQUIRED
stephen_skill_node_master_liche_nehekhara_magic_11	0	stephen_skill_node_master_liche_nehekhara_magic_09	1	1	0.0	0.0	SUBSET_REQUIRED
stephen_skill_node_master_liche_nehekhara_magic_11	0	stephen_skill_node_master_liche_nehekhara_magic_10	1	1	0.0	0.0	SUBSET_REQUIRED
stephen_skill_node_master_liche_light_magic_02	0	stephen_skill_node_master_liche_light_magic_01	1	1	0.0	0.0	REQUIRED
stephen_skill_node_master_liche_light_magic_03	0	stephen_skill_node_master_liche_light_magic_01	1	1	0.0	0.0	REQUIRED
stephen_skill_node_master_liche_light_magic_04	0	stephen_skill_node_master_liche_light_magic_01	1	1	0.0	0.0	REQUIRED
stephen_skill_node_master_liche_light_magic_05	0	stephen_skill_node_master_liche_light_magic_01	1	1	0.0	0.0	REQUIRED
stephen_skill_node_master_liche_light_magic_06	0	stephen_skill_node_master_liche_light_magic_02	1	1	0.0	0.0	SUBSET_REQUIRED
stephen_skill_node_master_liche_light_magic_06	0	stephen_skill_node_master_liche_light_magic_03	1	1	0.0	0.0	SUBSET_REQUIRED
stephen_skill_node_master_liche_light_magic_06	0	stephen_skill_node_master_liche_light_magic_04	1	1	0.0	0.0	SUBSET_REQUIRED
stephen_skill_node_master_liche_light_magic_06	0	stephen_skill_node_master_liche_light_magic_05	1	1	0.0	0.0	SUBSET_REQUIRED
stephen_skill_node_master_liche_light_magic_07	0	stephen_skill_node_master_liche_light_magic_06	1	1	0.0	0.0	REQUIRED
stephen_skill_node_master_liche_light_magic_08	0	stephen_skill_node_master_liche_light_magic_06	1	1	0.0	0.0	REQUIRED
stephen_skill_node_master_liche_light_magic_09	0	stephen_skill_node_master_liche_light_magic_06	1	1	0.0	0.0	REQUIRED
stephen_skill_node_master_liche_light_magic_10	0	stephen_skill_node_master_liche_light_magic_06	1	1	0.0	0.0	REQUIRED
stephen_skill_node_master_liche_light_magic_11	0	stephen_skill_node_master_liche_light_magic_07	1	1	0.0	0.0	SUBSET_REQUIRED
stephen_skill_node_master_liche_light_magic_11	0	stephen_skill_node_master_liche_light_magic_08	1	1	0.0	0.0	SUBSET_REQUIRED
stephen_skill_node_master_liche_light_magic_11	0	stephen_skill_node_master_liche_light_magic_09	1	1	0.0	0.0	SUBSET_REQUIRED
stephen_skill_node_master_liche_light_magic_11	0	stephen_skill_node_master_liche_light_magic_10	1	1	0.0	0.0	SUBSET_REQUIRED
stephen_skill_node_tomb_king_personal_1	0	stephen_skill_node_tomb_king_personal_0	1	1	0.0	0.0	REQUIRED
stephen_skill_node_tomb_king_personal_2	0	stephen_skill_node_tomb_king_personal_0	1	1	0.0	0.0	REQUIRED
stephen_skill_node_tomb_king_personal_3	0	stephen_skill_node_tomb_king_personal_0	1	1	0.0	0.0	REQUIRED
stephen_skill_node_tomb_king_personal_4	0	stephen_skill_node_tomb_king_personal_0	1	1	0.0	0.0	REQUIRED
stephen_skill_node_tomb_king_personal_5	0	stephen_skill_node_tomb_king_personal_1	1	1	0.0	0.0	SUBSET_REQUIRED
stephen_skill_node_tomb_king_personal_5	0	stephen_skill_node_tomb_king_personal_2	1	1	0.0	0.0	SUBSET_REQUIRED
stephen_skill_node_tomb_king_personal_5	0	stephen_skill_node_tomb_king_personal_3	1	1	0.0	0.0	SUBSET_REQUIRED
stephen_skill_node_tomb_king_personal_5	0	stephen_skill_node_tomb_king_personal_4	1	1	0.0	0.0	SUBSET_REQUIRED
stephen_skill_node_tomb_king_personal_6	0	stephen_skill_node_tomb_king_personal_5	1	1	0.0	0.0	REQUIRED
stephen_skill_node_tomb_king_personal_7	0	stephen_skill_node_tomb_king_personal_5	1	1	0.0	0.0	REQUIRED
stephen_skill_node_tomb_king_personal_8	0	stephen_skill_node_tomb_king_personal_5	1	1	0.0	0.0	REQUIRED
stephen_skill_node_tomb_king_personal_9	0	stephen_skill_node_tomb_king_personal_5	1	1	0.0	0.0	REQUIRED
stephen_skill_node_tomb_king_personal_10	0	stephen_skill_node_tomb_king_personal_6	1	1	0.0	0.0	SUBSET_REQUIRED
stephen_skill_node_tomb_king_personal_10	0	stephen_skill_node_tomb_king_personal_7	1	1	0.0	0.0	SUBSET_REQUIRED
stephen_skill_node_tomb_king_personal_10	0	stephen_skill_node_tomb_king_personal_8	1	1	0.0	0.0	SUBSET_REQUIRED
stephen_skill_node_tomb_king_personal_10	0	stephen_skill_node_tomb_king_personal_9	1	1	0.0	0.0	SUBSET_REQUIRED
stephen_bloodline_strigoi_lord_unique_1	0	stephen_bloodline_strigoi_lord_unique_0	1	1	0.0	0.0	REQUIRED
stephen_bloodline_strigoi_lord_unique_2	0	stephen_bloodline_strigoi_lord_unique_0	1	1	0.0	0.0	REQUIRED
stephen_bloodline_strigoi_lord_unique_3	0	stephen_bloodline_strigoi_lord_unique_0	1	1	0.0	0.0	REQUIRED
stephen_bloodline_strigoi_lord_unique_4	0	stephen_bloodline_strigoi_lord_unique_0	1	1	0.0	0.0	REQUIRED
stephen_bloodline_strigoi_lord_unique_5	0	stephen_bloodline_strigoi_lord_unique_1	1	1	0.0	0.0	SUBSET_REQUIRED
stephen_bloodline_strigoi_lord_unique_5	0	stephen_bloodline_strigoi_lord_unique_2	1	1	0.0	0.0	SUBSET_REQUIRED
stephen_bloodline_strigoi_lord_unique_5	0	stephen_bloodline_strigoi_lord_unique_3	1	1	0.0	0.0	SUBSET_REQUIRED
stephen_bloodline_strigoi_lord_unique_5	0	stephen_bloodline_strigoi_lord_unique_4	1	1	0.0	0.0	SUBSET_REQUIRED
stephen_bloodline_necrarch_lord_special_02	0	stephen_bloodline_necrarch_lord_special_01	1	1	0.0	0.0	REQUIRED
stephen_bloodline_necrarch_lord_special_03	0	stephen_bloodline_necrarch_lord_special_01	1	1	0.0	0.0	REQUIRED
stephen_bloodline_necrarch_lord_special_04	0	stephen_bloodline_necrarch_lord_special_01	1	1	0.0	0.0	REQUIRED
stephen_bloodline_necrarch_lord_special_05	0	stephen_bloodline_necrarch_lord_special_01	1	1	0.0	0.0	REQUIRED
stephen_bloodline_necrarch_lord_special_06	0	stephen_bloodline_necrarch_lord_special_02	1	1	0.0	0.0	SUBSET_REQUIRED
stephen_bloodline_necrarch_lord_special_06	0	stephen_bloodline_necrarch_lord_special_03	1	1	0.0	0.0	SUBSET_REQUIRED
stephen_bloodline_necrarch_lord_special_06	0	stephen_bloodline_necrarch_lord_special_04	1	1	0.0	0.0	SUBSET_REQUIRED
stephen_skill_node_lahmian_lord_unique_02	0	stephen_skill_node_lahmian_lord_unique_01	0	0	0.0	0.0	REQUIRED
stephen_skill_node_lahmian_lord_unique_03	0	stephen_skill_node_lahmian_lord_unique_01	0	0	0.0	0.0	REQUIRED
stephen_skill_node_lahmian_lord_unique_04	0	stephen_skill_node_lahmian_lord_unique_01	0	0	0.0	0.0	REQUIRED
stephen_skill_node_lahmian_lord_unique_05	0	stephen_skill_node_lahmian_lord_unique_01	0	0	0.0	0.0	REQUIRED
stephen_skill_node_lahmian_lord_unique_06	0	stephen_skill_node_lahmian_lord_unique_02	0	0	0.0	0.0	SUBSET_REQUIRED
stephen_skill_node_lahmian_lord_unique_06	0	stephen_skill_node_lahmian_lord_unique_03	0	0	0.0	0.0	SUBSET_REQUIRED
stephen_skill_node_lahmian_lord_unique_06	0	stephen_skill_node_lahmian_lord_unique_04	0	0	0.0	0.0	SUBSET_REQUIRED
stephen_skill_node_lahmian_lord_unique_06	0	stephen_skill_node_lahmian_lord_unique_05	0	0	0.0	0.0	SUBSET_REQUIRED
